	x	y	prob
0	50	102	0.09211972
1	59	19	0.0006275489
2	14	94	0.08263229
3	43	9	0.031437278
4	47	13	0.030050373
5	73	43	0.010840019
6	62	0	0.032933883
7	61	97	0.022226917
8	45	115	0.9816815
9	42	28	0.028737668
10	52	42	0.08263553
11	65	83	0.020940516
12	37	19	0.00035821288
13	6	64	6.8984016e-05
14	58	4	0.0334762
15	35	79	0.124512434
16	65	91	0.02788069
17	67	59	0.039492726
18	66	70	0.02633184
19	45	67	0.54127157
20	64	12	0.008495037
21	45	19	0.0016769216
22	64	2	0.019726807
23	71	105	0.0109502515
24	10	48	2.7740192e-05
25	29	15	0.0017721149
26	66	22	0.020492705
27	62	54	0.033336848
28	55	55	0.066538826
29	24	62	0.40947613
30	24	26	0.0007257201
31	51	27	0.00011194007
32	10	52	0.00014011943
33	37	15	0.003430127
34	44	94	0.8874145
35	42	96	0.97818744
36	14	88	0.53561836
37	31	115	0.9143007
38	47	69	0.2970991
39	36	106	0.30135143
40	53	79	0.023267057
41	65	87	0.032914385
42	57	5	0.032337498
43	44	56	0.18166953
44	53	101	0.075226046
45	71	3	0.018488258
46	76	60	0.014281101
47	21	111	0.9268325
48	13	69	0.41864502
49	49	17	0.032521855
50	33	51	0.34441715
51	2	54	0.0005918494
52	34	58	0.64893556
53	32	4	9.414024e-08
54	14	86	0.8412237
55	26	94	0.06887814
56	35	115	0.9171811
57	55	31	0.015146249
58	6	90	0.17348771
59	47	33	0.07271343
60	28	42	0.088411845
61	61	37	0.018162642
62	29	25	0.00041149562
63	51	93	0.12748314
64	9	65	0.00536584
65	45	21	0.0003385825
66	59	31	0.010404744
67	15	67	0.34764794
68	29	31	0.0053075585
69	49	113	0.14695303
70	27	99	0.091705695
71	67	23	0.0155405635
72	64	52	0.0026596212
73	36	24	1.439675e-06
74	6	92	0.35695845
75	65	11	0.007874359
76	14	30	1.45421745e-05
77	15	39	7.23181e-05
78	56	14	0.0001006041
79	67	43	0.0143930195
80	57	113	0.16367707
81	75	59	0.005493803
82	40	96	0.9571341
83	8	70	0.010158125
84	24	70	0.6043299
85	46	92	0.22642666
86	12	64	0.03018618
87	0	80	0.00011839319
88	62	82	0.02064504
89	54	68	0.09272978
90	16	92	0.06683257
91	58	8	0.029834514
92	53	73	0.062454592
93	15	53	0.0011119002
94	24	76	0.4694455
95	20	104	0.74668586
96	67	53	0.00037700016
97	23	65	0.44490102
98	54	94	0.6461537
99	50	92	0.07212007
100	47	39	0.0800831
101	48	42	0.07424527
102	24	40	0.0034101622
103	77	57	0.014818735
104	73	109	0.01701961
105	9	83	0.12723537
106	36	74	0.20077935
107	47	113	0.4131473
108	4	48	9.321879e-05
109	55	61	0.05423854
110	38	44	0.10466147
111	60	92	0.04306857
112	12	92	0.11546745
113	35	93	0.2405998
114	53	41	0.07564158
115	16	66	0.26169625
116	20	66	0.12944499
117	3	89	0.020172752
118	7	49	2.3119499e-06
119	29	27	0.00047483118
120	31	7	2.591345e-06
121	5	49	5.862719e-06
122	75	7	0.01694897
123	68	114	0.024083592
124	62	6	0.017086774
125	60	54	0.034956362
126	36	68	0.54547775
127	27	27	5.327777e-05
128	35	77	0.09926813
129	39	29	0.0015389412
130	36	80	0.1907145
131	59	109	0.03464846
132	59	39	0.028406844
133	26	90	0.4644313
134	59	73	0.031083241
135	53	69	0.08360775
136	74	30	0.015047215
137	49	107	0.14120097
138	65	23	0.013678492
139	67	73	0.01895906
140	9	97	0.1911564
141	57	35	0.031156093
142	50	68	0.1455817
143	77	3	0.038962748
144	35	73	0.15052578
145	57	81	0.018447828
146	3	57	3.620209e-05
147	28	48	0.0024735183
148	39	109	0.8494722
149	27	87	0.08864019
150	24	38	0.0031436384
151	30	46	0.071203314
152	63	21	0.013953801
153	26	92	0.27381316
154	60	26	0.008139551
155	59	1	0.03095901
156	25	81	0.44624707
157	44	92	0.7232481
158	19	47	0.005497538
159	33	31	0.0036112044
160	45	101	0.85459185
161	39	3	0.00051417114
162	41	25	0.00070253684
163	62	48	0.024534652
164	28	10	9.730534e-07
165	44	104	0.9708321
166	49	27	2.2248156e-05
167	69	37	0.013627512
168	52	80	0.036282804
169	57	85	0.029189369
170	18	104	0.3645708
171	46	34	0.07771639
172	66	106	0.024654286
173	5	61	7.742311e-06
174	68	70	0.02217151
175	36	30	0.00024211137
176	52	38	0.05471304
177	5	71	0.0004806568
178	23	19	9.536916e-07
179	67	37	0.0104198335
180	74	100	0.014888856
181	52	46	0.07032642
182	48	86	0.098435506
183	19	111	0.8415007
184	77	33	0.02109091
185	57	57	0.042246114
186	8	42	8.569524e-06
187	46	2	0.007887304
188	49	109	0.15455924
189	27	101	0.24720702
190	36	22	7.150705e-06
191	69	33	0.015745223
192	54	98	0.14065312
193	13	47	0.0005892119
194	76	56	0.007839501
195	39	79	0.14206283
196	8	60	0.00040191624
197	71	109	0.011673645
198	67	83	0.014188898
199	52	16	0.0015592292
200	26	110	0.9713677
201	38	10	0.0028930109
202	32	92	0.06405581
203	51	15	0.010239035
204	48	30	0.027717063
205	44	78	0.0808437
206	23	47	0.00015379862
207	23	93	0.3791459
208	25	101	0.6660528
209	25	59	0.17741616
210	19	97	0.22658238
211	30	16	0.0032207386
212	19	35	0.00040563144
213	65	9	0.008970529
214	55	27	9.9315104e-05
215	66	32	0.009360333
216	68	108	0.026405547
217	40	50	0.13315052
218	58	66	0.08300952
219	59	5	0.029407855
220	51	63	0.061014958
221	23	91	0.5160614
222	63	9	0.011034308
223	66	58	0.045283657
224	66	76	0.014906098
225	49	63	0.13741656
226	45	83	0.1532567
227	64	102	0.020611212
228	67	9	0.009152067
229	13	91	0.1294032
230	11	67	0.058016896
231	64	16	0.013549492
232	0	78	7.986873e-05
233	76	40	0.011615949
234	46	4	0.020905262
235	63	97	0.016197462
236	50	82	0.084629305
237	44	84	0.17593658
238	32	72	0.01829821
239	22	30	0.0013459251
240	30	26	0.0009830536
241	37	1	1.4390888e-06
242	49	75	0.09122932
243	29	37	0.029949248
244	61	87	0.04110809
245	44	76	0.07897498
246	77	21	0.019138835
247	42	20	0.0016368415
248	36	32	0.009462069
249	2	62	7.6681834e-05
250	57	31	0.0047916393
251	51	97	0.32986864
252	31	9	5.9863374e-05
253	28	82	0.0092966035
254	24	56	0.09232113
255	44	90	0.7132323
256	14	64	0.0709819
257	60	16	0.0066915955
258	73	67	0.006645663
259	24	50	0.0060144756
260	19	39	0.00029378987
261	65	17	0.012064033
262	25	43	0.007602174
263	41	111	0.97299725
264	31	71	0.023060253
265	7	71	0.0043217097
266	27	71	0.26147768
267	58	110	0.04508174
268	52	48	0.06136927
269	59	115	0.13501918
270	52	24	0.00055520126
271	7	57	7.054509e-05
272	10	58	0.0014778528
273	59	99	0.039187104
274	10	80	0.23919557
275	69	95	0.024421755
276	53	87	0.07349967
277	51	39	0.07704517
278	38	0	1.6666863e-05
279	46	14	0.030293232
280	59	9	0.022448653
281	21	63	0.1663888
282	32	12	0.0010103547
283	55	57	0.06415318
284	42	102	0.9605247
285	42	62	0.75326675
286	77	27	0.019641364
287	41	37	0.08135612
288	45	81	0.12504613
289	9	75	0.051537696
290	4	74	0.0007277636
291	40	104	0.6389211
292	51	61	0.04687601
293	73	27	0.010259041
294	73	99	0.009340937
295	3	67	1.9071558e-05
296	20	110	0.9001504
297	65	97	0.01636752
298	53	49	0.056721002
299	17	49	0.0056661596
300	70	106	0.015015015
301	56	78	0.018211138
302	7	81	0.0010435366
303	30	54	0.4389805
304	41	107	0.6454103
305	48	76	0.094791904
306	38	4	0.0004431851
307	4	72	0.00032211206
308	3	55	4.0409373e-05
309	48	94	0.08994744
310	38	56	0.43411836
311	44	12	0.023726892
312	42	42	0.080364674
313	30	86	0.006190766
314	25	25	0.0006242567
315	37	37	0.07792886
316	60	100	0.028726697
317	61	29	0.023334762
318	69	35	0.016326025
319	57	65	0.06432846
320	38	100	0.92181545
321	42	48	0.098720856
322	73	9	0.016205989
323	58	54	0.044448175
324	56	40	0.043278843
325	69	99	0.015364801
326	48	84	0.10584785
327	13	65	0.063569576
328	6	80	9.661155e-05
329	9	53	0.0001134896
330	57	11	0.016976912
331	61	67	0.050224405
332	28	66	0.50182426
333	71	79	0.02667644
334	36	92	0.42916775
335	51	79	0.0386731
336	44	106	0.92221856
337	74	32	0.0043138666
338	46	98	0.7458874
339	59	15	0.0029209713
340	63	5	0.025235588
341	61	39	0.019852614
342	5	65	2.9903807e-05
343	50	30	0.031514823
344	32	30	0.0035502345
345	41	113	0.9813529
346	68	58	0.05015294
347	55	107	0.020244738
348	34	112	0.9695375
349	65	15	0.012083764
350	46	18	0.011020819
351	0	66	0.0011068075
352	32	24	0.0009977036
353	71	93	0.017643174
354	64	34	0.012307305
355	9	81	0.04187319
356	50	18	0.0110678645
357	57	13	0.0014973097
358	28	104	0.4406791
359	22	80	0.63231695
360	33	1	2.9032032e-08
361	25	63	0.5496423
362	36	102	0.33107632
363	37	43	0.08596967
364	10	70	0.05983996
365	63	47	0.028092833
366	25	109	0.9660225
367	56	102	0.03162035
368	33	61	0.5198444
369	17	73	0.63364834
370	72	102	0.009503112
371	3	71	4.8876893e-05
372	43	71	0.35483137
373	49	59	0.059471026
374	41	31	0.075862706
375	34	62	0.3435293
376	29	5	8.729429e-08
377	28	100	0.11398993
378	39	13	0.006045465
379	3	81	0.00039230913
380	73	101	0.011254432
381	15	27	2.700353e-05
382	61	75	0.02517234
383	18	108	0.9094652
384	57	79	0.018571727
385	52	60	0.04672676
386	53	55	0.06991442
387	49	77	0.06556534
388	61	11	0.01305995
389	47	25	9.397369e-06
390	73	5	0.031300683
391	71	97	0.013783965
392	71	13	0.010591624
393	10	66	0.018655019
394	70	32	0.016904522
395	33	67	0.46060807
396	70	72	0.0116494745
397	41	97	0.9708567
398	0	62	0.003973579
399	68	2	0.015397463
400	44	6	0.033290893
401	52	4	0.040421728
402	17	63	0.07430299
403	2	78	5.6553778e-05
404	41	69	0.5069124
405	39	39	0.07122134
406	8	54	7.397875e-05
407	33	113	0.9688279
408	60	44	0.035935566
409	65	95	0.01821837
410	75	31	0.011516495
411	14	68	0.4717014
412	8	98	0.12381708
413	71	49	0.012554788
414	63	17	0.017493716
415	25	41	0.00799036
416	74	28	0.011954242
417	60	56	0.020878322
418	50	104	0.06450189
419	13	105	0.47264203
420	38	108	0.7506316
421	53	113	0.073449224
422	64	22	0.012882939
423	14	74	0.68778
424	59	41	0.03354736
425	60	86	0.031943392
426	25	69	0.64341676
427	9	43	2.6853475e-06
428	67	17	0.011122653
429	63	29	0.010170181
430	47	17	0.037797336
431	32	104	0.14187202
432	57	69	0.085130796
433	48	70	0.18905374
434	70	90	0.019152878
435	67	111	0.034267806
436	49	23	4.2763044e-05
437	36	78	0.23652273
438	42	78	0.0870771
439	8	84	0.06522413
440	69	97	0.018951833
441	36	70	0.49439532
442	57	93	0.34460518
443	47	83	0.11518054
444	4	80	0.00012467857
445	68	30	0.018425329
446	16	70	0.6519131
447	53	9	0.037954863
448	30	78	0.003305547
449	27	39	0.011700252
450	33	55	0.6072567
451	30	64	0.5189536
452	13	31	4.322211e-05
453	3	59	2.7752814e-05
454	11	95	0.1662636
455	58	78	0.021889815
456	14	32	1.759202e-06
457	36	90	0.2395441
458	38	52	0.33560255
459	46	90	0.22001785
460	51	81	0.056322794
461	57	3	0.032103464
462	61	85	0.028418062
463	27	75	0.12220469
464	42	72	0.43489376
465	4	56	1.1460371e-05
466	69	3	0.014327614
467	29	49	0.013913856
468	44	10	0.02840885
469	52	108	0.08196672
470	75	57	0.005472341
471	32	106	0.22179458
472	74	10	0.012660598
473	28	62	0.7383035
474	39	11	0.0061132275
475	61	13	0.019493958
476	53	115	0.21867916
477	75	13	0.0072742077
478	61	9	0.014218601
479	27	73	0.13997394
480	74	96	0.012679567
481	38	88	0.2571612
482	52	14	0.0038583898
483	42	44	0.06642693
484	64	78	0.01470054
485	48	28	0.00033911763
486	37	11	0.00093573256
487	75	99	0.026135052
488	32	98	0.08649296
489	7	47	1.7193944e-06
490	51	9	0.033468463
491	22	28	0.0009143318
492	49	65	0.23947215
493	26	56	0.24567983
494	51	111	0.054718588
495	41	17	0.012961311
496	49	97	0.3829354
497	53	33	0.033654764
498	1	79	4.8292837e-05
499	28	46	0.012226512
500	63	45	0.03146046
501	68	34	0.012568397
502	26	88	0.43174103
503	58	34	0.031480666
504	40	18	0.00393723
505	29	19	0.0019182074
506	58	112	0.1269109
507	16	64	0.11295032
508	24	28	0.00035235294
509	51	101	0.16099477
510	3	51	0.0002907471
511	48	106	0.16566247
512	32	44	0.09526935
513	77	13	0.01570185
514	64	110	0.07545377
515	40	38	0.07125397
516	15	35	5.3964773e-06
517	46	82	0.12753996
518	64	72	0.018727472
519	21	97	0.58979195
520	29	75	0.013147489
521	75	11	0.008265193
522	21	55	0.040596183
523	14	98	0.08751084
524	34	106	0.22111529
525	58	24	0.000759878
526	48	6	0.036177136
527	36	54	0.5624013
528	53	13	0.002412024
529	60	72	0.033489913
530	41	93	0.9023025
531	56	20	0.00012656566
532	68	26	0.013396982
533	27	65	0.6129662
534	34	20	0.001150945
535	53	81	0.039034918
536	31	35	0.035762947
537	64	68	0.021457074
538	56	58	0.056554027
539	51	95	0.1866519
540	53	19	0.0010931753
541	22	52	0.04256928
542	67	105	0.017672056
543	64	58	0.044133972
544	63	89	0.032880507
545	23	81	0.66221476
546	71	65	0.012086457
547	42	26	0.007023305
548	68	54	0.0017308119
549	73	111	0.009103644
550	64	26	0.007318319
551	61	49	0.022973394
552	15	65	0.14223686
553	67	29	0.0139180105
554	17	103	0.15379222
555	37	3	2.2285487e-05
556	50	22	0.0006309927
557	50	14	0.038000565
558	72	2	0.028576313
559	51	37	0.053746294
560	17	59	0.019251892
561	25	55	0.11376299
562	77	45	0.015059736
563	68	22	0.014881808
564	64	108	0.060857996
565	57	55	0.054200158
566	24	92	0.3890273
567	8	96	0.6964833
568	62	62	0.031272102
569	50	12	0.035098467
570	13	37	3.002067e-06
571	66	66	0.029669486
572	0	90	0.0062097884
573	45	71	0.3130813
574	2	92	0.0554738
575	61	33	0.03005614
576	76	36	0.0051597627
577	64	86	0.031605557
578	21	99	0.69859594
579	16	74	0.75536
580	57	109	0.022956109
581	52	86	0.07709637
582	38	76	0.2680218
583	18	88	0.27447453
584	39	107	0.43258166
585	41	45	0.07463479
586	20	84	0.92969984
587	54	28	0.00055286795
588	5	47	1.5998414e-05
589	0	76	5.9695318e-05
590	68	100	0.014995946
591	72	10	0.015937224
592	41	23	0.0005948461
593	61	65	0.043932427
594	43	85	0.20379488
595	16	38	0.00011495331
596	43	45	0.062476404
597	18	98	0.13413362
598	52	98	0.23978654
599	53	65	0.05517977
600	46	96	0.5886819
601	71	95	0.015187359
602	48	16	0.05275923
603	57	115	0.18796776
604	26	86	0.3051945
605	59	49	0.032593857
606	49	99	0.45992193
607	28	38	0.020106576
608	15	55	0.003093828
609	45	25	0.0006345181
610	72	52	0.0051149298
611	62	88	0.03600679
612	59	17	0.00053704344
613	26	30	0.0001453382
614	50	42	0.08551816
615	24	18	2.0483214e-06
616	13	89	0.46673045
617	36	110	0.9806111
618	55	53	0.0554947
619	29	113	0.869873
620	8	74	0.014472424
621	44	20	0.00068954454
622	17	45	0.0007053222
623	35	65	0.547963
624	68	40	0.010616048
625	37	97	0.9404775
626	65	33	0.011120262
627	34	92	0.11069216
628	29	11	3.224386e-05
629	69	45	0.016850285
630	30	88	0.016195813
631	33	63	0.40673938
632	13	41	6.141612e-05
633	12	76	0.6269852
634	63	35	0.015462981
635	35	31	0.0012227229
636	35	109	0.930416
637	46	20	0.0009307182
638	26	104	0.7917775
639	70	104	0.013046393
640	64	56	0.037779085
641	37	17	0.0034489823
642	43	115	0.98902684
643	66	8	0.008947277
644	22	74	0.20539166
645	41	67	0.55501926
646	5	91	0.1706417
647	71	107	0.011997987
648	16	60	0.034055967
649	69	9	0.0137438
650	29	109	0.91628
651	35	11	0.00023265777
652	25	79	0.47555903
653	6	88	0.090321794
654	56	88	0.07722558
655	70	62	0.013761981
656	2	72	2.1214666e-05
657	16	98	0.09398776
658	13	51	0.00022913457
659	25	33	0.0014275509
660	64	48	0.020694656
661	58	26	0.00028224738
662	58	52	0.037721228
663	67	35	0.010503459
664	41	47	0.090174824
665	48	90	0.08201443
666	55	99	0.09523742
667	16	28	1.7244721e-06
668	42	100	0.945348
669	17	93	0.07726603
670	69	1	0.01670002
671	38	90	0.61990595
672	25	39	0.0045176237
673	47	23	4.630501e-05
674	40	112	0.9801113
675	65	81	0.016277088
676	57	91	0.20965897
677	51	29	0.008048648
678	29	111	0.9646292
679	54	30	0.0106978705
680	24	66	0.5337017
681	67	77	0.016994197
682	44	102	0.9628095
683	44	52	0.08385255
684	66	28	0.009775408
685	35	87	0.08142833
686	29	103	0.15898062
687	8	88	0.19966839
688	67	109	0.02938062
689	59	89	0.05420162
690	45	49	0.07604569
691	33	87	0.03645868
692	52	96	0.23169376
693	46	42	0.084760256
694	61	91	0.039803777
695	41	89	0.73764026
696	73	95	0.011333544
697	24	94	0.24523303
698	62	86	0.034713157
699	40	12	0.012394643
700	47	9	0.030758442
701	35	7	0.00030992247
702	17	95	0.10770003
703	21	23	1.0394168e-06
704	40	44	0.084001936
705	16	80	0.9293039
706	51	25	3.3287066e-05
707	26	14	2.1181522e-06
708	15	89	0.18870988
709	2	74	3.411267e-05
710	30	50	0.07170657
711	43	65	0.72824156
712	65	63	0.025093183
713	70	10	0.015783347
714	68	106	0.020010028
715	12	62	0.028377106
716	58	74	0.03042595
717	48	102	0.11708867
718	47	31	0.065238334
719	47	61	0.15575616
720	57	107	0.012294565
721	34	50	0.43021467
722	5	85	0.023198238
723	38	28	4.840843e-05
724	35	81	0.11248247
725	25	75	0.43581858
726	50	72	0.091400385
727	27	103	0.55427885
728	36	108	0.8378701
729	46	52	0.05808883
730	47	63	0.40751785
731	18	30	1.03365055e-05
732	61	77	0.023763116
733	64	64	0.030061055
734	74	0	0.0590691
735	56	72	0.07030165
736	35	29	5.0424682e-05
737	4	60	8.177888e-06
738	9	55	0.00030924776
739	76	8	0.014584393
740	58	64	0.050946258
741	75	49	0.008424517
742	40	78	0.11849015
743	56	22	0.0007946494
744	22	82	0.7692145
745	33	11	0.00039200703
746	55	77	0.019015929
747	47	93	0.11372821
748	63	63	0.029600345
749	59	105	0.0201169
750	21	61	0.11091789
751	58	84	0.019210769
752	30	10	5.3779393e-05
753	28	92	0.124968074
754	33	45	0.10744656
755	26	48	0.00012679337
756	27	93	0.10351891
757	1	67	0.00012048813
758	62	98	0.018453937
759	72	114	0.00021792142
760	43	33	0.07593313
761	25	97	0.06595875
762	21	71	0.13554974
763	28	64	0.66174835
764	7	67	0.0011210953
765	41	57	0.31928477
766	38	102	0.620601
767	58	68	0.09334258
768	54	74	0.049753472
769	66	94	0.021333039
770	49	1	0.016592905
771	62	108	0.0699657
772	63	11	0.009628399
773	37	105	0.1937847
774	56	6	0.03352661
775	38	110	0.9598846
776	3	79	0.000102248945
777	58	92	0.1362863
778	19	87	0.567082
779	35	61	0.3002966
780	71	55	0.008683695
781	74	68	0.005934267
782	35	97	0.657406
783	44	40	0.09205135
784	51	77	0.032052286
785	11	59	0.0048587914
786	18	32	2.4310184e-05
787	31	55	0.60830986
788	47	107	0.30969024
789	49	33	0.058687363
790	33	65	0.5444421
791	61	19	0.013691557
792	20	82	0.8691994
793	46	36	0.09005479
794	21	67	0.14891107
795	77	5	0.033733826
796	44	42	0.08896167
797	57	87	0.042799912
798	49	15	0.049685113
799	8	94	0.681077
800	23	87	0.8205566
801	74	44	0.010282093
802	62	106	0.049056385
803	39	59	0.41143435
804	2	84	0.0025547845
805	63	1	0.022375006
806	25	37	0.0030945586
807	43	27	0.023728086
808	36	6	0.0003485087
809	62	72	0.022824883
810	5	83	0.006237064
811	50	52	0.07973322
812	40	46	0.08747269
813	71	57	0.042362876
814	44	48	0.090872034
815	38	26	2.2636982e-06
816	45	47	0.06507403
817	6	44	5.419238e-05
818	43	63	0.8207425
819	23	61	0.21102251
820	25	57	0.14132799
821	45	105	0.91048104
822	23	111	0.9766211
823	52	76	0.026410142
824	20	96	0.44703507
825	34	8	0.0002595712
826	29	3	8.2522615e-07
827	63	23	0.009868793
828	58	98	0.07626889
829	10	94	0.23448631
830	55	67	0.08247629
831	70	88	0.017793119
832	67	65	0.029766124
833	60	108	0.03766762
834	16	72	0.67161334
835	48	116	0.68760276
836	63	41	0.01977109
837	29	101	0.099862985
838	67	57	0.03390218
839	61	69	0.04441811
840	26	76	0.28818956
841	15	57	0.010939046
842	69	11	0.014120428
843	64	104	0.024003807
844	26	44	0.008368301
845	30	108	0.6604028
846	22	46	0.0003750594
847	30	4	3.574292e-08
848	16	58	0.01945856
849	52	30	0.032821085
850	63	43	0.03662048
851	48	88	0.08770555
852	25	35	0.0028275293
853	16	54	0.0037435158
854	44	50	0.0897023
855	59	11	0.020800719
856	27	45	0.00912146
857	25	65	0.6080481
858	4	52	1.5246947e-05
859	15	105	0.43451157
860	43	91	0.8320225
861	31	75	0.004067919
862	19	83	0.9372114
863	35	71	0.3105854
864	48	104	0.10854478
865	21	29	0.0006993339
866	60	76	0.027967352
867	56	112	0.08814069
868	53	7	0.032562524
869	75	39	0.012969495
870	36	66	0.5662989
871	19	79	0.61209875
872	27	61	0.6055607
873	33	9	0.00023076795
874	9	93	0.30432206
875	4	88	0.041531928
876	45	91	0.5027394
877	64	24	0.009057356
878	73	61	0.0070280293
879	69	13	0.014343534
880	45	85	0.15454188
881	1	57	0.0022966343
882	32	112	0.97875893
883	64	112	0.11873406
884	66	64	0.026479462
885	68	72	0.018707357
886	74	34	0.00068718614
887	46	22	0.00017080909
888	23	57	0.08006154
889	47	71	0.21271631
890	5	59	8.4597095e-06
891	15	29	5.016131e-06
892	34	14	0.0013748208
893	68	92	0.027347777
894	65	47	0.020729732
895	43	59	0.29233092
896	22	66	0.25278595
897	23	79	0.57625204
898	14	66	0.16466582
899	11	87	0.821123
900	50	108	0.12970755
901	40	30	0.025425626
902	68	4	0.015614504
903	18	44	0.00031067122
904	22	100	0.87280154
905	25	105	0.8302626
906	19	49	0.013515513
907	37	71	0.529689
908	18	78	0.6930343
909	33	115	0.93755305
910	69	57	0.032469407
911	7	61	9.9851255e-05
912	66	12	0.010060525
913	21	53	0.040007617
914	59	37	0.024805207
915	67	97	0.021111954
916	58	100	0.0387624
917	56	68	0.09498492
918	20	98	0.4378134
919	1	87	0.002613116
920	27	25	0.00028881428
921	46	60	0.17115216
922	61	89	0.039011218
923	26	24	0.0007185432
924	60	0	0.040727824
925	15	107	0.791597
926	23	39	0.0023618022
927	36	26	1.4948165e-06
928	65	107	0.03577789
929	42	110	0.90360653
930	11	51	0.00015405254
931	6	86	0.03756659
932	9	87	0.34675953
933	31	49	0.09132766
934	8	72	0.0129050175
935	52	8	0.033451986
936	33	99	0.17421518
937	67	25	0.011471862
938	64	84	0.027249414
939	51	99	0.3535525
940	35	43	0.07000935
941	54	102	0.048646994
942	12	52	0.00018425095
943	72	106	0.008592936
944	35	103	0.14324133
945	15	85	0.9069392
946	71	53	0.0015537225
947	14	52	0.00032370302
948	30	38	0.054115333
949	31	111	0.98271805
950	14	78	0.8419832
951	55	35	0.02579629
952	1	61	0.0006860488
953	53	31	0.04171979
954	58	0	0.04306019
955	40	84	0.112404376
956	19	71	0.17487262
957	36	0	7.7274746e-07
958	70	70	0.014155402
959	47	47	0.06719399
960	30	40	0.0721284
961	4	78	9.3669674e-05
962	12	84	0.8557148
963	11	75	0.39101833
964	45	111	0.67420715
965	56	30	0.0020643068
966	44	24	0.003336271
967	45	53	0.08305662
968	13	67	0.20707165
969	0	70	0.0001622383
970	61	115	0.183683
971	61	103	0.039839286
972	20	50	0.020670757
973	76	10	0.010336559
974	74	36	0.0015177318
975	18	38	0.00032417304
976	55	113	0.09732869
977	15	79	0.8784848
978	4	86	0.023642408
979	18	46	0.002451755
980	59	55	0.03364926
981	9	41	5.3988247e-06
982	46	74	0.14927103
983	45	89	0.44943392
984	32	38	0.0651113
985	18	66	0.13384692
986	54	72	0.0878867
987	40	68	0.5581794
988	66	100	0.016555833
989	34	110	0.95245326
990	69	53	0.00079616264
991	76	48	0.009152279
992	6	54	5.817073e-06
993	40	94	0.9115787
994	26	74	0.26407948
995	40	10	0.013962162
996	54	40	0.05536973
997	12	88	0.72413933
998	73	57	0.010805194
999	54	82	0.038494263
1000	9	91	0.2539556
1001	28	86	0.016079802
1002	6	56	1.5140941e-05
1003	29	65	0.51104647
1004	56	4	0.030382724
1005	37	63	0.4453288
1006	71	115	4.345409e-05
1007	42	50	0.112214714
1008	55	103	0.032727417
1009	47	115	0.7443773
1010	25	27	0.00017387756
1011	33	89	0.05060393
1012	5	89	0.10797104
1013	64	20	0.01687173
1014	31	59	0.8817828
1015	20	60	0.038250867
1016	57	97	0.19762188
1017	62	60	0.032874323
1018	60	112	0.1563617
1019	54	114	0.12391989
1020	47	73	0.20159504
1021	60	38	0.021419328
1022	57	75	0.028510638
1023	38	64	0.58997476
1024	18	90	0.12389993
1025	44	108	0.75310403
1026	54	4	0.03024922
1027	40	8	0.010728946
1028	60	22	0.011050545
1029	11	61	0.012218654
1030	35	105	0.16387433
1031	17	43	0.0001414433
1032	20	86	0.80959517
1033	73	117	2.2387989e-05
1034	53	39	0.059100103
1035	56	80	0.020682534
1036	50	16	0.020980101
1037	8	40	6.3766296e-05
1038	10	84	0.49061581
1039	71	117	3.647906e-05
1040	27	59	0.5848487
1041	9	67	0.012932526
1042	16	104	0.2104414
1043	7	93	0.6065911
1044	72	94	0.013223257
1045	66	16	0.012286942
1046	52	104	0.06402746
1047	53	37	0.03411356
1048	47	29	0.00761896
1049	17	25	3.2823664e-06
1050	20	72	0.12368541
1051	18	70	0.3421307
1052	24	84	0.71414965
1053	43	103	0.9760885
1054	33	29	0.00058736774
1055	74	22	0.010270134
1056	24	72	0.46302044
1057	31	43	0.11342771
1058	42	98	0.96465313
1059	15	103	0.12366197
1060	31	11	0.00069197494
1061	62	116	0.22159186
1062	49	37	0.068490624
1063	7	95	0.8960894
1064	37	81	0.15905355
1065	55	91	0.52354294
1066	35	51	0.6051518
1067	59	107	0.019619552
1068	5	75	0.0010946764
1069	39	57	0.4030694
1070	11	71	0.15413094
1071	56	36	0.027442653
1072	15	87	0.651741
1073	48	74	0.15136251
1074	35	13	0.00055652607
1075	69	47	0.026753033
1076	59	101	0.030473027
1077	65	51	0.0007617468
1078	19	43	0.00020872122
1079	34	48	0.30788824
1080	21	31	0.0011034933
1081	53	85	0.07828053
1082	55	111	0.048568983
1083	53	51	0.06006172
1084	31	99	0.073071264
1085	50	50	0.07793353
1086	51	57	0.05850455
1087	26	70	0.5402942
1088	54	48	0.055586662
1089	9	69	0.025696445
1090	66	102	0.01528592
1091	26	46	0.0002487302
1092	67	19	0.017660076
1093	22	108	0.91498697
1094	55	17	1.0700222e-05
1095	52	2	0.0266048
1096	28	78	0.021788096
1097	50	100	0.3152085
1098	62	74	0.020043343
1099	3	63	1.8722603e-05
1100	11	85	0.75529236
1101	23	77	0.4862652
1102	15	95	0.09134782
1103	53	43	0.06348754
1104	37	5	0.00034359712
1105	33	59	0.7042922
1106	28	90	0.12617493
1107	14	42	0.00020950181
1108	73	35	0.00079636555
1109	48	22	0.00020647877
1110	32	28	0.0015525956
1111	13	85	0.9031496
1112	44	60	0.30254495
1113	65	85	0.027483586
1114	71	17	0.00053846044
1115	39	43	0.08649005
1116	56	28	9.9525e-05
1117	49	73	0.120191544
1118	74	18	0.026948221
1119	19	101	0.3616527
1120	64	4	0.028080232
1121	21	25	1.7499236e-05
1122	20	102	0.7430708
1123	48	18	0.02978621
1124	25	91	0.5123023
1125	25	99	0.29030952
1126	45	3	0.01350983
1127	42	66	0.65611476
1128	25	83	0.49982685
1129	15	37	2.2852328e-05
1130	52	92	0.18348463
1131	70	16	0.00060228317
1132	29	51	0.06624716
1133	26	26	0.00014342033
1134	69	49	0.012306025
1135	36	94	0.6063755
1136	58	72	0.04127354
1137	42	14	0.026742784
1138	6	46	7.411831e-06
1139	13	35	1.4071701e-06
1140	56	0	0.03750634
1141	61	55	0.02928586
1142	37	31	0.0038970266
1143	65	31	0.008261352
1144	39	63	0.64610374
1145	36	48	0.39977002
1146	37	113	0.9738687
1147	69	87	0.022013906
1148	26	22	0.001622227
1149	54	42	0.057231057
1150	75	21	0.008097478
1151	15	77	0.82079095
1152	19	45	0.00097578595
1153	65	93	0.021329904
1154	45	31	0.074830346
1155	18	102	0.225484
1156	43	55	0.19357775
1157	48	24	6.421695e-06
1158	9	79	0.019490842
1159	11	69	0.13489616
1160	52	94	0.23141646
1161	66	18	0.013358647
1162	69	115	0.0030928794
1163	54	92	0.6160716
1164	14	44	0.0005332474
1165	42	58	0.28720507
1166	18	100	0.15040207
1167	28	8	8.575835e-08
1168	37	99	0.94041765
1169	11	43	3.1194206e-05
1170	5	69	0.00015166642
1171	40	106	0.47668514
1172	59	79	0.018119223
1173	75	33	0.0026134404
1174	66	116	0.28963318
1175	21	69	0.18092838
1176	45	103	0.92556363
1177	73	21	0.013171628
1178	3	91	0.04714431
1179	6	70	0.00079525466
1180	43	21	0.0011025934
1181	26	98	0.06450773
1182	15	63	0.06898574
1183	72	46	0.024543583
1184	12	60	0.01827249
1185	55	101	0.043802135
1186	17	57	0.01582393
1187	56	82	0.022726448
1188	21	85	0.8786033
1189	45	73	0.19445582
1190	59	7	0.02438063
1191	26	66	0.572213
1192	69	103	0.013135808
1193	54	90	0.23237847
1194	49	85	0.09944716
1195	71	101	0.0112996325
1196	19	65	0.09284854
1197	1	65	0.00022972123
1198	67	31	0.012656258
1199	26	52	0.041431498
1200	5	67	4.6412657e-05
1201	1	83	0.00078521756
1202	36	12	0.00050021167
1203	25	85	0.5424998
1204	5	77	0.0001272705
1205	16	26	6.4222036e-06
1206	50	48	0.0770178
1207	22	48	0.0020795045
1208	51	113	0.08286412
1209	72	22	0.018953972
1210	67	41	0.010512576
1211	31	37	0.054392375
1212	10	100	0.027233306
1213	52	52	0.074277796
1214	20	62	0.07594459
1215	33	71	0.08341827
1216	14	48	0.00081569195
1217	69	109	0.023899043
1218	34	42	0.05066886
1219	14	84	0.9262285
1220	37	49	0.36066762
1221	19	93	0.14671381
1222	20	46	0.0016540389
1223	29	85	0.0051384387
1224	39	49	0.15016295
1225	48	92	0.07662771
1226	55	5	0.031473026
1227	52	40	0.082731254
1228	37	75	0.2720039
1229	41	109	0.77444553
1230	17	75	0.7528217
1231	47	27	6.804936e-05
1232	71	31	0.019700766
1233	35	107	0.5075544
1234	72	80	0.030184574
1235	39	21	4.5844365e-05
1236	58	106	0.013131568
1237	52	36	0.03706333
1238	23	21	9.362698e-06
1239	28	84	0.013700471
1240	37	65	0.5487642
1241	63	65	0.028616088
1242	37	21	1.3052945e-05
1243	29	17	0.0028078745
1244	76	16	0.022571616
1245	27	53	0.10718284
1246	27	91	0.23660709
1247	42	8	0.02797484
1248	24	86	0.7387184
1249	59	59	0.022068458
1250	73	89	0.019949475
1251	14	76	0.75131273
1252	51	5	0.04481868
1253	30	102	0.09453824
1254	32	0	1.0229519e-06
1255	60	4	0.028042454
1256	18	62	0.036915883
1257	53	103	0.060974427
1258	14	38	1.2454239e-05
1259	50	62	0.06589713
1260	38	98	0.95662814
1261	56	98	0.15585952
1262	35	53	0.5989305
1263	21	43	0.00071939203
1264	74	40	0.013686362
1265	32	22	0.0013152179
1266	68	28	0.01704277
1267	32	42	0.07678789
1268	33	39	0.055476595
1269	55	71	0.08660477
1270	34	88	0.06604931
1271	43	35	0.09456067
1272	8	66	0.0027144714
1273	2	88	0.0045477217
1274	4	50	2.6819826e-05
1275	68	96	0.022574345
1276	60	40	0.026566971
1277	39	33	0.11186362
1278	49	3	0.02833682
1279	21	105	0.75358444
1280	76	38	0.016008351
1281	74	66	0.0076112486
1282	53	111	0.041114483
1283	52	12	0.017689068
1284	42	82	0.10924015
1285	65	117	0.39694318
1286	45	11	0.022637738
1287	20	74	0.16876812
1288	48	108	0.21548308
1289	77	55	0.014965583
1290	49	67	0.23124877
1291	11	79	0.5752002
1292	19	41	0.00016966471
1293	19	23	3.4376723e-07
1294	0	82	0.00042556436
1295	65	57	0.044182826
1296	25	21	0.00041544408
1297	53	17	0.00025395246
1298	40	28	0.0017131601
1299	57	39	0.034326945
1300	23	51	0.028003702
1301	44	4	0.021427525
1302	52	106	0.065578796
1303	70	86	0.014678986
1304	77	53	0.0125400005
1305	47	3	0.014921644
1306	60	24	0.009445154
1307	72	26	0.011952569
1308	77	25	0.015788214
1309	16	44	0.00029233223
1310	50	106	0.09304747
1311	69	29	0.023672646
1312	2	58	0.00018623001
1313	31	39	0.07171778
1314	38	12	0.0023416916
1315	41	19	0.0026654557
1316	34	24	5.4355005e-05
1317	47	5	0.031220438
1318	6	72	0.0026512684
1319	63	109	0.07849533
1320	50	56	0.06358934
1321	76	4	0.026252331
1322	17	27	7.055782e-07
1323	44	18	0.0052108583
1324	49	71	0.12519307
1325	61	5	0.022048699
1326	22	22	3.0403783e-06
1327	33	21	0.0010570579
1328	57	111	0.061255906
1329	54	26	0.0001940943
1330	13	97	0.101756096
1331	4	76	0.00036449745
1332	46	112	0.5620243
1333	6	62	3.252989e-05
1334	37	101	0.7444588
1335	38	20	7.2302246e-05
1336	36	76	0.19529863
1337	28	26	0.00016333757
1338	69	107	0.019804843
1339	56	66	0.07595899
1340	4	66	1.6861892e-05
1341	54	12	0.004092168
1342	13	55	0.00095633947
1343	15	97	0.09438544
1344	43	7	0.031071208
1345	39	9	0.0067339353
1346	63	3	0.02315017
1347	51	45	0.08703277
1348	32	26	0.0008415177
1349	30	22	0.0011409906
1350	45	63	0.6498252
1351	71	69	0.013462606
1352	74	14	0.011034138
1353	63	99	0.018325705
1354	6	74	0.003125018
1355	47	35	0.07505749
1356	27	113	0.62293017
1357	24	32	0.0011094001
1358	58	56	0.034811117
1359	35	111	0.97894365
1360	58	2	0.027906911
1361	14	56	0.003282755
1362	47	11	0.026192201
1363	16	52	0.0026237434
1364	32	76	0.0050623515
1365	70	20	0.004639335
1366	36	86	0.088843234
1367	38	32	0.04095668
1368	38	114	0.9439553
1369	56	42	0.041705154
1370	33	77	0.012006909
1371	12	34	1.4388884e-05
1372	60	96	0.031878445
1373	60	104	0.032848664
1374	53	27	0.00029406702
1375	68	14	0.015879415
1376	12	48	0.00027379813
1377	24	106	0.78217036
1378	48	36	0.07264223
1379	20	88	0.5097483
1380	40	22	0.000104708895
1381	76	46	0.00927075
1382	14	82	0.93207014
1383	42	68	0.46082973
1384	52	114	0.14371127
1385	49	89	0.06639819
1386	21	93	0.2718762
1387	51	33	0.04841923
1388	3	93	0.18039364
1389	16	32	1.6134559e-06
1390	27	49	0.000940618
1391	36	88	0.14918616
1392	51	11	0.033985965
1393	12	72	0.34193692
1394	55	81	0.024028536
1395	55	45	0.052573025
1396	60	10	0.0166909
1397	62	52	0.020249449
1398	19	77	0.5164932
1399	37	111	0.9814492
1400	62	24	0.011091155
1401	29	69	0.19357024
1402	68	68	0.022099363
1403	62	92	0.029584084
1404	65	3	0.02833034
1405	52	0	0.03484271
1406	17	35	6.2131316e-05
1407	28	102	0.18968645
1408	27	97	0.021001713
1409	9	63	0.0036587354
1410	33	33	0.023800686
1411	38	8	0.0021667413
1412	62	96	0.017528236
1413	15	71	0.6604073
1414	3	73	0.00012800808
1415	18	74	0.5429128
1416	21	95	0.5536027
1417	57	59	0.040493533
1418	41	85	0.17181034
1419	32	10	0.00043284494
1420	70	38	0.0147808725
1421	23	73	0.29940876
1422	67	27	0.011802427
1423	52	26	0.000116783965
1424	34	36	0.0651227
1425	15	75	0.7569767
1426	53	61	0.049983427
1427	37	85	0.090592526
1428	23	71	0.38667402
1429	45	61	0.36906114
1430	3	87	0.014082319
1431	71	33	0.007186422
1432	35	9	0.00028370318
1433	32	14	0.0022635916
1434	26	50	0.0020291526
1435	39	113	0.9790659
1436	29	43	0.16496183
1437	59	69	0.08237454
1438	37	41	0.06828904
1439	40	24	5.1794614e-05
1440	29	67	0.3326199
1441	36	114	0.94439834
1442	36	62	0.35848084
1443	70	8	0.017493429
1444	34	2	3.4131318e-08
1445	71	51	0.0020681785
1446	58	94	0.13339718
1447	75	97	0.022063397
1448	61	47	0.026892608
1449	71	15	0.0015807111
1450	69	61	0.020979207
1451	43	15	0.026726749
1452	19	73	0.21739466
1453	55	109	0.02758163
1454	72	48	0.024911722
1455	58	50	0.036542363
1456	25	95	0.07554428
1457	58	6	0.030572616
1458	11	77	0.5147604
1459	41	33	0.09927271
1460	50	96	0.24955225
1461	49	49	0.07167036
1462	72	20	0.008749627
1463	14	70	0.58473575
1464	47	15	0.042484846
1465	33	3	6.5275366e-08
1466	74	70	0.01726782
1467	72	8	0.02030866
1468	19	105	0.6271797
1469	66	14	0.014631336
1470	33	35	0.049794044
1471	62	22	0.012666143
1472	62	20	0.014324063
1473	63	57	0.03308979
1474	73	29	0.01840932
1475	43	95	0.96686023
1476	46	94	0.2805504
1477	36	42	0.06483428
1478	8	64	0.0014713276
1479	48	12	0.0342946
1480	75	27	0.009169484
1481	46	0	0.009765857
1482	50	10	0.03595216
1483	23	89	0.83762705
1484	77	17	0.034993935
1485	33	109	0.8695707
1486	43	61	0.5541549
1487	72	98	0.01110946
1488	29	73	0.016719053
1489	45	7	0.034743838
1490	64	88	0.031188156
1491	56	104	0.019698791
1492	23	25	0.00051567156
1493	12	46	0.00024855006
1494	17	67	0.27677804
1495	29	71	0.05077984
1496	38	78	0.2265849
1497	64	60	0.044537656
1498	45	35	0.09150309
1499	55	29	0.0009368896
1500	10	38	1.7595425e-05
1501	27	85	0.062367387
1502	37	93	0.7000721
1503	40	48	0.114917755
1504	66	10	0.008085863
1505	66	88	0.032430675
1506	72	54	0.007796581
1507	38	50	0.27627409
1508	66	40	0.011256145
1509	74	64	0.011095345
1510	46	24	7.8968806e-05
1511	22	96	0.56657654
1512	58	12	0.013224757
1513	56	62	0.048761122
1514	57	73	0.03955665
1515	75	25	0.005565896
1516	27	37	0.008873653
1517	23	33	0.0017402777
1518	28	44	0.092931494
1519	26	28	5.0862414e-05
1520	39	87	0.22834966
1521	68	32	0.014670223
1522	39	99	0.949105
1523	8	58	0.00027247344
1524	25	113	0.9350709
1525	52	102	0.09207635
1526	9	85	0.22379543
1527	67	89	0.030682417
1528	40	66	0.64722383
1529	27	57	0.5073519
1530	39	17	0.0052011507
1531	49	9	0.03302005
1532	74	8	0.017190166
1533	24	80	0.5537749
1534	59	51	0.029793272
1535	65	89	0.02930882
1536	18	80	0.84852594
1537	67	11	0.011541214
1538	24	20	2.158457e-05
1539	35	5	3.736398e-05
1540	39	83	0.08889949
1541	73	45	0.014993727
1542	58	104	0.017918972
1543	43	73	0.24251905
1544	41	27	0.0026059712
1545	64	96	0.01574251
1546	24	12	4.782717e-07
1547	59	81	0.014687568
1548	16	108	0.90461755
1549	52	20	0.005100829
1550	56	24	0.00039886258
1551	50	54	0.072778225
1552	21	75	0.19750512
1553	43	97	0.9776074
1554	28	80	0.011911581
1555	72	84	0.009083453
1556	18	106	0.7361603
1557	2	64	5.5691486e-05
1558	70	2	0.012915087
1559	27	51	0.015343447
1560	38	48	0.17453429
1561	39	101	0.8762368
1562	14	36	3.7850866e-06
1563	19	31	9.310535e-05
1564	38	60	0.39954454
1565	21	45	0.0006315426
1566	33	37	0.060860116
1567	48	98	0.47474235
1568	25	47	4.2780463e-05
1569	59	43	0.03875906
1570	66	52	0.0003612219
1571	42	30	0.06908508
1572	18	42	0.000107836284
1573	66	104	0.016541444
1574	63	117	0.30749288
1575	14	50	0.0005032454
1576	31	85	0.005849071
1577	58	48	0.043636624
1578	4	82	0.0015457702
1579	47	45	0.06587471
1580	76	52	0.00851189
1581	71	71	0.013943694
1582	42	6	0.02015224
1583	54	60	0.06094679
1584	39	67	0.5909975
1585	10	86	0.5713791
1586	30	34	0.02355261
1587	60	80	0.016144782
1588	70	22	0.011059136
1589	77	29	0.023079118
1590	52	66	0.087349966
1591	54	108	0.035352193
1592	11	89	0.57383466
1593	32	94	0.06567922
1594	35	59	0.5022822
1595	67	49	0.0062767696
1596	28	112	0.89510834
1597	43	105	0.9615016
1598	59	93	0.06325082
1599	46	110	0.35966435
1600	8	86	0.11163329
1601	4	68	2.6544481e-05
1602	8	56	0.00019338586
1603	71	9	0.017527588
1604	70	12	0.014527331
1605	47	105	0.2869238
1606	45	65	0.74269116
1607	49	91	0.061753243
1608	23	59	0.1199542
1609	32	56	0.6895175
1610	41	55	0.20656207
1611	69	75	0.0209399
1612	32	86	0.013333588
1613	56	114	0.1689412
1614	53	1	0.023512648
1615	43	83	0.1482365
1616	22	92	0.3385238
1617	11	99	0.037728403
1618	26	80	0.21840417
1619	63	51	0.009812741
1620	18	82	0.9359103
1621	35	23	1.3332924e-05
1622	42	36	0.09307739
1623	49	39	0.076093644
1624	15	99	0.080129534
1625	17	31	3.5791134e-06
1626	30	98	0.04679317
1627	24	98	0.30639493
1628	39	25	4.5919874e-06
1629	66	30	0.010139696
1630	73	75	0.018167146
1631	8	100	0.054713137
1632	66	2	0.018952588
1633	70	28	0.021046275
1634	75	55	0.006153666
1635	68	50	0.0047107395
1636	22	68	0.27186432
1637	67	87	0.03011004
1638	13	71	0.4926506
1639	7	53	1.0580405e-05
1640	32	54	0.550728
1641	71	1	0.02373324
1642	30	14	0.002326071
1643	47	51	0.054849282
1644	11	49	0.0001413821
1645	2	60	0.00012929455
1646	20	20	2.203077e-07
1647	71	111	0.009037781
1648	65	77	0.013919791
1649	63	25	0.008126307
1650	34	96	0.27186102
1651	54	22	0.011197427
1652	56	76	0.024267334
1653	16	62	0.059201296
1654	74	2	0.031543087
1655	40	56	0.29930687
1656	15	83	0.95483595
1657	63	55	0.034982923
1658	72	90	0.014838995
1659	40	74	0.28424948
1660	39	31	0.03316903
1661	1	59	0.0011877341
1662	43	77	0.07774548
1663	47	101	0.27624145
1664	66	42	0.015078434
1665	65	111	0.0601348
1666	28	40	0.029956335
1667	60	34	0.023031801
1668	49	111	0.11147506
1669	74	118	0.0005207329
1670	59	87	0.03463477
1671	14	90	0.14741172
1672	45	1	0.005680537
1673	70	46	0.025316317
1674	65	61	0.026784765
1675	48	20	0.0041285516
1676	19	109	0.89836174
1677	57	77	0.021627977
1678	44	74	0.14756592
1679	11	101	0.0488338
1680	65	45	0.026486661
1681	26	108	0.91489595
1682	64	66	0.025806863
1683	34	40	0.048644703
1684	13	59	0.016983876
1685	18	92	0.09194694
1686	35	49	0.51668644
1687	74	116	0.00017037672
1688	55	41	0.046996847
1689	36	36	0.0756845
1690	44	62	0.63899785
1691	61	35	0.016681897
1692	26	84	0.23055716
1693	61	1	0.024816567
1694	37	35	0.08988805
1695	30	94	0.04276392
1696	58	102	0.028056672
1697	50	36	0.05244885
1698	44	72	0.2492347
1699	28	34	0.008109199
1700	27	105	0.660174
1701	21	27	0.00014595315
1702	58	40	0.034222577
1703	57	101	0.035685852
1704	68	12	0.015884701
1705	31	91	0.05624289
1706	5	73	0.0017582229
1707	38	24	8.7534784e-07
1708	35	57	0.5776947
1709	12	80	0.81945544
1710	53	25	0.00052808813
1711	29	93	0.07141286
1712	60	42	0.03407127
1713	31	25	0.0016043321
1714	27	63	0.68927443
1715	10	96	0.19981217
1716	33	103	0.102218434
1717	42	74	0.18793827
1718	34	66	0.5574357
1719	59	117	0.11529858
1720	77	37	0.020192493
1721	23	101	0.9014521
1722	51	91	0.08246163
1723	71	43	0.012386537
1724	36	104	0.15906015
1725	58	70	0.0732584
1726	63	81	0.017595956
1727	14	80	0.9177109
1728	37	69	0.56350535
1729	34	38	0.056284208
1730	53	67	0.08577792
1731	26	68	0.60117507
1732	26	100	0.2707363
1733	73	11	0.013620631
1734	62	4	0.023737289
1735	62	38	0.016486606
1736	69	31	0.02008985
1737	53	93	0.4850159
1738	35	69	0.4889729
1739	72	28	0.017129665
1740	63	59	0.04085799
1741	54	104	0.03710068
1742	30	66	0.30477944
1743	11	55	0.00059583964
1744	45	17	0.017495774
1745	52	62	0.045723513
1746	13	101	0.062716335
1747	70	64	0.014461608
1748	36	82	0.1265144
1749	64	40	0.0146685615
1750	63	85	0.031703062
1751	14	102	0.09170251
1752	62	68	0.033056367
1753	32	2	1.9904938e-08
1754	63	75	0.01566484
1755	40	26	9.958292e-05
1756	73	59	0.010402599
1757	43	5	0.025370603
1758	16	30	1.1579673e-06
1759	24	96	0.16844615
1760	74	106	0.02272774
1761	13	63	0.03697129
1762	50	26	8.204683e-06
1763	60	78	0.021029187
1764	22	62	0.24741004
1765	51	115	0.42834923
1766	51	23	0.0004982663
1767	75	9	0.011762185
1768	43	39	0.07807465
1769	19	59	0.021514216
1770	76	24	0.007306851
1771	62	50	0.021281613
1772	55	117	0.2956827
1773	23	109	0.96228987
1774	55	7	0.034298945
1775	72	32	0.0059871934
1776	29	59	0.8016836
1777	23	99	0.6741313
1778	24	68	0.5548469
1779	60	12	0.017461855
1780	60	64	0.040567476
1781	72	96	0.011939534
1782	0	68	0.0005538899
1783	61	27	0.016209943
1784	41	81	0.081886955
1785	18	50	0.011213901
1786	56	26	7.345238e-05
1787	60	18	0.004107024
1788	70	82	0.008727227
1789	76	58	0.007162286
1790	70	40	0.011692448
1791	22	104	0.79479563
1792	24	110	0.9820764
1793	43	17	0.014004409
1794	72	66	0.012023307
1795	66	90	0.030164238
1796	48	68	0.24582283
1797	32	70	0.08030325
1798	4	62	8.172563e-06
1799	57	21	0.00022798916
1800	71	23	0.017486932
1801	12	50	0.00021178821
1802	32	62	0.535235
1803	14	72	0.6376068
1804	46	100	0.6501999
1805	62	40	0.019670276
1806	54	58	0.06327049
1807	19	69	0.17408057
1808	47	53	0.056804642
1809	22	106	0.7671901
1810	31	101	0.07963346
1811	32	16	0.005010584
1812	71	29	0.022395516
1813	0	64	0.0019081752
1814	61	111	0.10803761
1815	50	76	0.05083044
1816	15	49	0.0011509302
1817	54	70	0.091922164
1818	61	101	0.032864228
1819	21	77	0.31675518
1820	40	62	0.66618323
1821	32	6	2.1454168e-06
1822	8	80	0.0020514666
1823	64	28	0.008817407
1824	63	93	0.022556597
1825	71	73	0.008173873
1826	72	60	0.013566149
1827	31	23	0.0012231995
1828	10	92	0.19647698
1829	16	90	0.11855459
1830	75	65	0.015787717
1831	49	35	0.05946234
1832	53	75	0.03262469
1833	29	53	0.2570145
1834	50	88	0.067666695
1835	51	13	0.022222057
1836	49	55	0.06549707
1837	48	26	4.5612132e-06
1838	17	81	0.9402694
1839	73	107	0.012670872
1840	37	89	0.29234245
1841	20	22	1.6740782e-07
1842	44	96	0.9621371
1843	54	56	0.07211898
1844	38	84	0.097307496
1845	1	63	0.0003531491
1846	44	30	0.07584614
1847	1	73	1.7219432e-05
1848	43	79	0.08781212
1849	53	11	0.02106091
1850	71	99	0.011902745
1851	60	114	0.19030234
1852	42	88	0.6190905
1853	29	97	0.023304077
1854	23	15	2.0166159e-07
1855	7	65	0.0004964766
1856	65	19	0.016795525
1857	46	88	0.19918184
1858	39	51	0.20426619
1859	56	46	0.06028864
1860	69	43	0.011623606
1861	20	32	0.00050366914
1862	23	83	0.75943786
1863	10	98	0.06078132
1864	76	0	0.05866938
1865	42	70	0.43288606
1866	55	89	0.14643201
1867	48	58	0.079264
1868	22	56	0.05686375
1869	22	34	0.0014333213
1870	70	112	0.010144048
1871	11	63	0.01793326
1872	51	3	0.038263816
1873	31	45	0.10824349
1874	16	48	0.0029107125
1875	27	9	1.806554e-07
1876	22	78	0.44925934
1877	63	15	0.01388822
1878	32	102	0.08482231
1879	61	83	0.021566942
1880	67	33	0.010275666
1881	43	11	0.027782379
1882	59	77	0.02532006
1883	71	21	0.007620482
1884	54	18	0.00012026027
1885	73	91	0.018776122
1886	19	37	0.00042925737
1887	36	60	0.31389534
1888	56	50	0.047266588
1889	68	88	0.028114324
1890	50	110	0.0918522
1891	39	45	0.10277085
1892	46	28	0.0027149299
1893	51	47	0.077291735
1894	66	34	0.009190406
1895	14	60	0.035369385
1896	9	57	0.0006254263
1897	39	93	0.83244276
1898	70	98	0.014815819
1899	43	25	0.01026915
1900	70	100	0.0127531225
1901	45	55	0.11450782
1902	61	57	0.018122157
1903	21	51	0.034570497
1904	50	66	0.14800884
1905	22	94	0.4763218
1906	38	80	0.15654543
1907	18	28	3.723854e-06
1908	23	67	0.4422189
1909	51	73	0.06841659
1910	50	84	0.098010816
1911	41	87	0.36156723
1912	44	64	0.79656154
1913	77	59	0.018977562
1914	54	66	0.06648617
1915	44	0	0.0070733507
1916	60	94	0.034764517
1917	32	18	0.004113569
1918	32	40	0.0659843
1919	62	44	0.034543354
1920	57	7	0.034316223
1921	40	92	0.86166936
1922	13	61	0.035145015
1923	60	20	0.006934184
1924	27	109	0.9322676
1925	45	51	0.06923175
1926	60	52	0.029321171
1927	28	24	0.0005557193
1928	13	73	0.50775987
1929	37	103	0.2747051
1930	56	54	0.060003277
1931	35	21	0.00012720753
1932	25	31	0.0003814941
1933	7	85	0.04363757
1934	33	23	0.00048345188
1935	18	68	0.27149653
1936	30	52	0.2380526
1937	18	96	0.14999083
1938	13	49	0.00040450058
1939	43	53	0.10888653
1940	67	85	0.021117374
1941	22	50	0.017284764
1942	57	71	0.071162686
1943	4	54	8.726075e-06
1944	59	67	0.089722395
1945	41	9	0.022486959
1946	63	79	0.015521001
1947	19	63	0.07510441
1948	48	114	0.3467362
1949	31	87	0.010306593
1950	33	15	0.0032148275
1951	68	66	0.025702491
1952	59	29	0.0019686662
1953	14	40	5.112765e-05
1954	3	65	1.5476226e-05
1955	65	69	0.025119193
1956	61	61	0.029976413
1957	34	60	0.50147146
1958	55	21	0.0015829772
1959	29	35	0.019408377
1960	66	60	0.028833658
1961	52	58	0.055949632
1962	37	91	0.5480239
1963	39	47	0.121064425
1964	15	61	0.04440846
1965	36	46	0.21169049
1966	42	92	0.89227486
1967	18	110	0.87058187
1968	60	36	0.021357773
1969	13	83	0.9084119
1970	26	42	0.019203622
1971	11	41	8.5054235e-06
1972	2	76	5.5369153e-05
1973	42	64	0.81513584
1974	21	17	6.007407e-07
1975	63	69	0.025082348
1976	40	6	0.0057288664
1977	15	91	0.08502124
1978	43	81	0.11433223
1979	23	69	0.43914565
1980	34	68	0.48838544
1981	47	55	0.0754362
1982	28	30	0.00052877545
1983	44	100	0.9225025
1984	25	77	0.44991508
1985	20	54	0.03697801
1986	56	116	0.21487336
1987	30	72	0.013088321
1988	72	100	0.010011911
1989	75	37	0.0049180277
1990	19	25	4.2326283e-07
1991	44	46	0.059068862
1992	52	110	0.056114662
1993	70	96	0.018678175
1994	44	8	0.032938085
1995	42	86	0.25033462
1996	38	22	4.5028187e-06
1997	65	71	0.023510356
1998	52	50	0.066369794
1999	72	16	0.0027542308
2000	58	108	0.017917126
2001	70	80	0.011041085
2002	31	47	0.08854364
2003	3	69	2.2327566e-05
2004	54	20	0.0015492088
2005	9	59	0.00087960373
2006	38	112	0.98513305
2007	34	22	0.00019387678
2008	68	16	0.0056072813
2009	50	112	0.07307626
2010	74	4	0.03461114
2011	13	81	0.903942
2012	40	52	0.14427938
2013	38	6	0.0012229768
2014	66	74	0.014426129
2015	52	70	0.08148431
2016	56	100	0.052340254
2017	72	34	0.0020523926
2018	64	6	0.01756842
2019	54	54	0.062743895
2020	38	36	0.08907097
2021	4	58	1.1208717e-05
2022	61	51	0.025462072
2023	30	100	0.07540458
2024	28	32	0.0038131766
2025	73	31	0.009245535
2026	8	90	0.26562205
2027	23	53	0.057048783
2028	27	43	0.0546767
2029	49	21	0.0018376005
2030	8	82	0.016345646
2031	66	78	0.015360834
2032	38	106	0.28873506
2033	27	111	0.9539247
2034	56	10	0.02931464
2035	28	96	0.014938439
2036	74	56	0.008204659
2037	9	101	0.04794798
2038	59	75	0.026361184
2039	46	80	0.11482394
2040	27	15	6.68226e-05
2041	67	39	0.010726026
2042	6	94	0.832205
2043	74	94	0.018869445
2044	67	103	0.015713522
2045	31	5	1.1219802e-07
2046	28	56	0.54176086
2047	53	57	0.06429599
2048	28	6	2.0719376e-07
2049	38	40	0.070586026
2050	44	28	0.030785792
2051	72	40	0.012140225
2052	67	3	0.017289488
2053	34	44	0.084515736
2054	30	74	0.005650457
2055	45	77	0.07896133
2056	70	76	0.034864884
2057	52	72	0.07053072
2058	58	80	0.015878804
2059	64	30	0.007260612
2060	12	40	8.873943e-06
2061	9	47	3.9373613e-06
2062	53	89	0.10745937
2063	14	58	0.015047243
2064	51	107	0.09786355
2065	49	93	0.07525998
2066	61	23	0.015414527
2067	68	48	0.022385204
2068	29	83	0.003863811
2069	73	69	0.009350721
2070	15	33	1.1713455e-06
2071	20	108	0.9101613
2072	71	45	0.020471442
2073	27	31	0.00049740716
2074	55	23	0.0032406158
2075	63	107	0.0574309
2076	35	27	8.800857e-06
2077	65	41	0.017224267
2078	27	89	0.20561422
2079	63	31	0.012836016
2080	12	68	0.18511672
2081	67	67	0.027781604
2082	18	26	5.523895e-07
2083	76	34	0.004801258
2084	51	117	0.75337267
2085	48	14	0.042935733
2086	15	43	0.0002788159
2087	62	64	0.0316666
2088	70	30	0.026111837
2089	49	43	0.08390912
2090	63	71	0.022870416
2091	56	48	0.05943085
2092	46	58	0.12315365
2093	29	9	1.9060021e-06
2094	47	1	0.008491034
2095	63	83	0.0243491
2096	44	88	0.47312155
2097	59	3	0.030442767
2098	51	19	0.0048701386
2099	68	8	0.012936508
2100	15	41	0.00015219417
2101	39	89	0.5790149
2102	45	45	0.058168735
2103	70	56	0.02080226
2104	73	97	0.009669614
2105	48	60	0.08492394
2106	68	44	0.012572416
2107	55	3	0.025594952
2108	12	58	0.0043672514
2109	39	81	0.09631668
2110	19	91	0.122907706
2111	28	18	0.002238068
2112	34	100	0.25559828
2113	17	89	0.16067079
2114	62	36	0.0146176275
2115	30	56	0.67547816
2116	77	11	0.016981145
2117	28	60	0.73006237
2118	39	73	0.49213052
2119	27	95	0.02379264
2120	50	32	0.05848411
2121	7	83	0.013726793
2122	27	47	0.0005722828
2123	36	52	0.6249019
2124	50	98	0.49120843
2125	61	25	0.012137532
2126	70	18	0.0010645842
2127	41	13	0.018611526
2128	28	68	0.40757543
2129	38	72	0.5156869
2130	52	6	0.03592469
2131	62	56	0.027138546
2132	44	70	0.38596472
2133	36	38	0.06880429
2134	57	33	0.028735079
2135	67	81	0.013665413
2136	23	17	1.0098772e-07
2137	58	14	0.0014731137
2138	26	10	4.0698237e-07
2139	37	57	0.5006893
2140	17	51	0.006076992
2141	43	75	0.10997547
2142	19	29	3.2672964e-05
2143	10	78	0.1818441
2144	51	21	0.0037641532
2145	9	73	0.04246646
2146	6	78	5.3468582e-05
2147	41	43	0.073604815
2148	20	30	0.0003170898
2149	55	93	0.72850096
2150	41	39	0.06807413
2151	75	45	0.008663052
2152	25	67	0.5668582
2153	16	76	0.78509533
2154	25	23	0.0011880576
2155	41	71	0.53022605
2156	74	62	0.010072323
2157	5	63	1.4689854e-05
2158	63	27	0.010049517
2159	66	80	0.014559792
2160	75	51	0.009265597
2161	48	82	0.11348812
2162	57	67	0.09408219
2163	69	5	0.017253034
2164	66	20	0.016767934
2165	35	41	0.048402037
2166	41	5	0.00913581
2167	46	16	0.033876255
2168	46	106	0.6225806
2169	14	92	0.07765002
2170	43	29	0.07228008
2171	31	3	3.0064935e-08
2172	43	113	0.99124134
2173	44	36	0.09853527
2174	54	2	0.022496698
2175	24	42	0.0049930653
2176	67	45	0.01413439
2177	46	114	0.8745099
2178	58	10	0.02586525
2179	10	64	0.010263612
2180	56	94	0.61065346
2181	72	70	0.009627954
2182	34	10	0.00020330463
2183	72	42	0.010737071
2184	73	103	0.010365588
2185	55	39	0.04094033
2186	64	106	0.03589336
2187	13	43	0.00025630658
2188	66	68	0.026508084
2189	39	103	0.5717647
2190	51	85	0.084956184
2191	23	13	9.981057e-07
2192	37	61	0.3540834
2193	38	42	0.07951744
2194	35	113	0.9595599
2195	71	87	0.0116484985
2196	53	15	0.00041437417
2197	35	37	0.06730974
2198	18	94	0.12260849
2199	59	83	0.01669545
2200	38	14	0.0038348343
2201	37	59	0.35233408
2202	16	42	0.00014489483
2203	49	103	0.07290115
2204	30	90	0.05220098
2205	67	95	0.022329682
2206	41	3	0.004144476
2207	28	108	0.80488014
2208	28	14	0.0001932548
2209	50	4	0.042320088
2210	41	21	0.0009144473
2211	33	111	0.9685506
2212	26	106	0.8015968
2213	46	10	0.026117155
2214	25	103	0.836093
2215	45	39	0.08898799
2216	77	9	0.018683463
2217	59	95	0.061880358
2218	71	35	0.007114571
2219	21	89	0.5783982
2220	9	89	0.4177174
2221	22	90	0.59735644
2222	53	47	0.05670012
2223	32	110	0.9564235
2224	55	13	0.00049422035
2225	12	38	2.001964e-06
2226	77	1	0.053023286
2227	22	38	0.0011638242
2228	0	88	0.003098564
2229	49	25	2.7124113e-06
2230	62	10	0.011570358
2231	53	63	0.041004866
2232	73	19	0.0077350326
2233	49	41	0.077320054
2234	20	40	0.00035383017
2235	27	79	0.058664963
2236	77	39	0.02321491
2237	54	16	3.9908835e-05
2238	68	74	0.017846892
2239	35	45	0.14020592
2240	62	30	0.020438872
2241	41	61	0.57834715
2242	35	17	0.006750454
2243	36	40	0.05648458
2244	3	53	7.214391e-05
2245	41	59	0.37199455
2246	70	54	0.001944757
2247	71	41	0.0109195
2248	68	82	0.010916029
2249	20	42	0.0003156875
2250	29	91	0.09743074
2251	24	30	0.0004323101
2252	8	50	9.422685e-06
2253	76	20	0.013975218
2254	41	95	0.95695806
2255	60	98	0.029686369
2256	55	75	0.030194012
2257	73	63	0.008232635
2258	16	50	0.0021075718
2259	64	10	0.009019098
2260	54	100	0.06822843
2261	44	82	0.14188716
2262	66	84	0.02018737
2263	31	61	0.7276746
2264	37	107	0.55265486
2265	59	33	0.022128982
2266	48	54	0.060548738
2267	33	107	0.31706578
2268	37	109	0.94721854
2269	37	47	0.21451283
2270	35	63	0.45324492
2271	10	74	0.17142199
2272	37	77	0.32463408
2273	58	28	0.00036066413
2274	40	100	0.92764586
2275	29	95	0.022578182
2276	41	65	0.7860424
2277	48	110	0.1853622
2278	68	60	0.028993763
2279	57	83	0.01936246
2280	2	86	0.00437193
2281	34	70	0.28901744
2282	43	47	0.081955835
2283	17	87	0.504612
2284	28	94	0.04327654
2285	57	89	0.092307866
2286	51	43	0.091117516
2287	55	33	0.035529844
2288	46	78	0.08307829
2289	59	27	0.0016737937
2290	38	38	0.07817061
2291	70	78	0.023825618
2292	18	48	0.008647456
2293	55	51	0.046658542
2294	13	45	0.00051264453
2295	72	82	0.0123278415
2296	20	94	0.27299243
2297	47	49	0.06227996
2298	34	102	0.13597783
2299	64	42	0.024267735
2300	17	65	0.16333322
2301	54	62	0.046525016
2302	39	41	0.073240995
2303	35	95	0.48780915
2304	3	61	1.9599744e-05
2305	31	13	0.002118655
2306	19	103	0.53473896
2307	23	23	9.369549e-05
2308	58	88	0.04944483
2309	27	13	6.2144477e-06
2310	34	80	0.046667084
2311	21	47	0.0018267723
2312	62	104	0.03942861
2313	40	14	0.012058959
2314	43	69	0.38768443
2315	50	94	0.11276952
2316	74	6	0.026009714
2317	42	104	0.95604503
2318	56	96	0.43535817
2319	15	101	0.067198806
2320	66	24	0.01093332
2321	52	44	0.07717364
2322	54	84	0.05918232
2323	39	65	0.6544357
2324	17	37	0.00023447293
2325	52	88	0.065943666
2326	54	78	0.019484691
2327	20	24	5.0260445e-07
2328	44	2	0.006414033
2329	53	35	0.030745547
2330	62	58	0.025986658
2331	13	93	0.08762926
2332	74	48	0.01483923
2333	69	55	0.00492767
2334	43	109	0.8094444
2335	42	112	0.98404217
2336	56	32	0.021619765
2337	25	13	1.04589446e-07
2338	41	99	0.94830936
2339	22	84	0.8511689
2340	24	58	0.11271361
2341	26	40	0.00996657
2342	26	58	0.35058793
2343	64	54	0.00934039
2344	70	4	0.018103056
2345	59	23	0.0033994769
2346	40	64	0.7820515
2347	41	73	0.35181046
2348	74	46	0.013452528
2349	56	56	0.056775954
2350	51	75	0.04177848
2351	31	63	0.54147565
2352	14	106	0.65329635
2353	31	31	0.012025648
2354	54	64	0.04473858
2355	73	33	0.0015716262
2356	60	14	0.02072318
2357	46	38	0.09037358
2358	1	91	0.012361882
2359	39	95	0.92777985
2360	42	84	0.16339843
2361	36	112	0.9706057
2362	35	89	0.12252545
2363	74	102	0.018278293
2364	75	95	0.031528864
2365	29	77	0.0085888505
2366	69	15	0.003982442
2367	73	113	0.0019695547
2368	22	36	0.0013543229
2369	31	97	0.0441265
2370	70	116	0.00016628548
2371	33	95	0.109767474
2372	76	26	0.009194428
2373	20	106	0.76845384
2374	60	102	0.036237314
2375	73	73	0.009681932
2376	75	43	0.0075831884
2377	20	90	0.2510806
2378	49	47	0.08247139
2379	59	21	0.002396341
2380	25	15	5.822867e-07
2381	77	43	0.015097092
2382	60	110	0.07427806
2383	11	83	0.72461414
2384	73	83	0.02202898
2385	6	60	1.7323779e-05
2386	32	82	0.0065102624
2387	70	102	0.012004958
2388	64	0	0.031122832
2389	33	7	4.5802808e-05
2390	47	111	0.24978067
2391	75	63	0.019897228
2392	51	67	0.11655973
2393	17	109	0.9040412
2394	58	30	0.001524004
2395	68	46	0.017901829
2396	64	38	0.013680145
2397	71	83	0.00721215
2398	23	41	0.0029051667
2399	50	8	0.032740317
2400	43	67	0.50871426
2401	57	103	0.022355301
2402	26	82	0.21956635
2403	67	69	0.02590529
2404	7	73	0.0067933286
2405	32	78	0.0048406343
2406	62	114	0.2622581
2407	19	53	0.030666756
2408	68	112	0.027161632
2409	9	45	3.149513e-06
2410	6	52	3.86611e-06
2411	43	1	0.003746978
2412	17	101	0.11253117
2413	34	82	0.055051237
2414	77	31	0.02251089
2415	65	35	0.00998761
2416	51	17	0.0046629314
2417	42	94	0.94145113
2418	37	45	0.14357394
2419	39	19	0.0006634959
2420	68	98	0.018804524
2421	35	91	0.16630034
2422	7	87	0.08365329
2423	19	33	0.00018828905
2424	19	81	0.81729674
2425	60	84	0.022433147
2426	31	83	0.0035447497
2427	54	34	0.028713003
2428	41	53	0.13254271
2429	67	61	0.020662086
2430	45	69	0.32819393
2431	30	70	0.06270016
2432	72	112	0.0034254978
2433	34	46	0.17610607
2434	70	110	0.01793657
2435	35	3	8.012452e-07
2436	51	103	0.07244159
2437	14	100	0.06593413
2438	34	32	0.005851647
2439	17	83	0.9691065
2440	5	51	4.3781847e-06
2441	74	58	0.0073048896
2442	74	98	0.011069217
2443	70	74	0.012968645
2444	37	23	1.0904135e-06
2445	62	32	0.018217346
2446	65	79	0.014519625
2447	59	45	0.038775247
2448	72	64	0.009786459
2449	59	113	0.17367364
2450	36	8	0.0005446185
2451	43	87	0.42642036
2452	51	7	0.0340913
2453	37	27	2.9267576e-06
2454	42	54	0.14651129
2455	58	86	0.029363116
2456	47	59	0.1089643
2457	67	71	0.024168069
2458	32	46	0.10639598
2459	31	69	0.119109355
2460	64	82	0.019895751
2461	31	33	0.0243811
2462	19	99	0.24839702
2463	64	44	0.031594858
2464	33	41	0.05459532
2465	59	35	0.027246706
2466	31	93	0.062120344
2467	20	38	0.0005437811
2468	26	72	0.34524718
2469	49	79	0.07079926
2470	9	99	0.03593298
2471	76	50	0.0072208038
2472	60	62	0.030897293
2473	70	108	0.016795779
2474	39	37	0.08481713
2475	64	32	0.01002187
2476	64	76	0.014322497
2477	63	87	0.031142613
2478	19	107	0.88121885
2479	28	4	2.163058e-06
2480	57	19	1.985102e-05
2481	57	53	0.04512689
2482	32	60	0.74781114
2483	32	64	0.42720366
2484	68	86	0.022706876
2485	37	51	0.51571995
2486	10	42	5.838381e-06
2487	33	75	0.014392884
2488	75	23	0.008170955
2489	47	43	0.07812224
2490	42	90	0.83717024
2491	55	19	9.071896e-05
2492	70	48	0.02147532
2493	61	3	0.027071675
2494	48	4	0.029693684
2495	58	60	0.035582807
2496	65	7	0.01304325
2497	69	79	0.014273659
2498	73	55	0.0150718205
2499	69	7	0.018307336
2500	42	52	0.10961138
2501	38	16	0.0054826224
2502	33	5	1.7590376e-06
2503	36	84	0.09257254
2504	45	9	0.02988727
2505	28	58	0.7097152
2506	70	0	0.032766536
2507	49	45	0.0986541
2508	43	37	0.09033833
2509	24	54	0.08468377
2510	48	50	0.0602263
2511	16	84	0.96068
2512	61	81	0.016561734
2513	66	26	0.009230243
2514	50	6	0.03952092
2515	57	51	0.04151899
2516	25	89	0.6748534
2517	33	69	0.24604976
2518	31	51	0.18271448
2519	37	39	0.06897995
2520	28	28	0.00015951293
2521	55	15	2.1729204e-05
2522	35	47	0.31011167
2523	65	55	0.011132906
2524	71	11	0.016129186
2525	25	107	0.8772847
2526	63	113	0.19418111
2527	46	56	0.11016802
2528	30	112	0.9747942
2529	7	69	0.0020163811
2530	16	68	0.45445737
2531	54	50	0.051204126
2532	43	107	0.850961
2533	66	114	0.11155522
2534	11	81	0.6785202
2535	57	27	7.26591e-05
2536	12	44	0.00016989588
2537	40	54	0.18902154
2538	38	18	0.0013923647
2539	29	105	0.3612137
2540	66	112	0.05441139
2541	53	71	0.09065275
2542	53	53	0.06657765
2543	74	54	0.012752276
2544	34	72	0.10573715
2545	34	114	0.95376277
2546	34	0	1.8439445e-07
2547	33	53	0.5091019
2548	53	105	0.04666648
2549	48	62	0.1692151
2550	73	25	0.01147224
2551	23	97	0.45873168
2552	32	84	0.010073221
2553	12	36	3.3218432e-06
2554	56	52	0.044587024
2555	49	19	0.013030501
2556	63	101	0.022888832
2557	52	34	0.03527955
2558	30	80	0.0023851334
2559	65	65	0.03011034
2560	6	48	1.929505e-06
2561	47	37	0.08547133
2562	16	36	4.7093818e-05
2563	37	79	0.22020347
2564	31	1	5.3816683e-07
2565	9	39	2.2364453e-05
2566	12	104	0.34577966
2567	67	47	0.01909121
2568	16	46	0.0013084105
2569	27	21	0.001975117
2570	42	46	0.07703362
2571	55	85	0.051777624
2572	76	32	0.0118169235
2573	69	65	0.02100616
2574	70	50	0.0044075726
2575	4	90	0.08206678
2576	45	33	0.071569934
2577	76	44	0.008684294
2578	47	87	0.1127512
2579	28	36	0.013747097
2580	76	14	0.00861345
2581	27	23	0.00091757125
2582	2	90	0.008093738
2583	77	41	0.017982572
2584	39	7	0.003412654
2585	39	105	0.32500818
2586	33	13	0.00096733373
2587	63	39	0.016004656
2588	25	73	0.40674454
2589	46	102	0.6054671
2590	33	91	0.07080924
2591	12	42	5.582261e-05
2592	61	105	0.038589176
2593	76	54	0.0074739633
2594	56	110	0.033365708
2595	73	17	0.0076802154
2596	66	46	0.018273357
2597	10	40	2.7555272e-06
2598	23	63	0.4983501
2599	10	68	0.049000293
2600	40	82	0.091056265
2601	26	36	0.004223847
2602	31	103	0.113343574
2603	50	44	0.09702529
2604	36	64	0.4815782
2605	37	83	0.1124117
2606	21	57	0.039906885
2607	46	72	0.26476243
2608	44	68	0.37483174
2609	27	55	0.30810177
2610	36	28	1.1379495e-05
2611	26	102	0.6252805
2612	11	47	6.974136e-05
2613	11	39	2.496921e-06
2614	33	81	0.017679963
2615	17	33	9.509366e-06
2616	24	16	1.9733102e-07
2617	7	55	3.1656702e-05
2618	63	67	0.02428832
2619	13	39	7.6047063e-06
2620	51	31	0.05594249
2621	50	70	0.08786058
2622	6	50	2.6598825e-06
2623	39	69	0.5337957
2624	2	80	8.539804e-05
2625	65	37	0.012139237
2626	31	89	0.030640192
2627	17	79	0.8707574
2628	49	81	0.09356123
2629	63	77	0.017738625
2630	69	113	0.011540361
2631	65	39	0.01210964
2632	20	58	0.02804493
2633	4	92	0.15392046
2634	55	97	0.25211716
2635	72	72	0.010341887
2636	20	34	0.000574246
2637	64	92	0.025483327
2638	58	22	0.00088159647
2639	71	19	0.0025016633
2640	46	66	0.6111615
2641	52	22	0.005753532
2642	38	92	0.749419
2643	20	26	9.341542e-06
2644	48	38	0.07820838
2645	56	18	6.383777e-06
2646	65	103	0.016864754
2647	39	77	0.1833223
2648	5	45	0.00020332071
2649	9	61	0.0020033752
2650	67	1	0.021090392
2651	23	31	0.0012122605
2652	30	32	0.0141473655
2653	9	71	0.027478876
2654	29	13	0.00041560072
2655	77	23	0.015312802
2656	29	61	0.8279613
2657	64	98	0.016695213
2658	26	62	0.55979127
2659	37	67	0.5256291
2660	31	17	0.0036880737
2661	65	53	0.0010464645
2662	70	44	0.01457751
2663	42	106	0.8767612
2664	33	73	0.027905786
2665	42	2	0.0030116546
2666	58	82	0.016168877
2667	32	8	4.671661e-05
2668	54	88	0.09771528
2669	28	52	0.07163696
2670	69	71	0.016770387
2671	53	91	0.24337156
2672	54	6	0.030822093
2673	66	6	0.016114688
2674	29	7	1.1484176e-07
2675	10	82	0.36447793
2676	69	17	0.0013211248
2677	57	43	0.041282516
2678	39	75	0.2580338
2679	32	36	0.050607022
2680	17	77	0.7623396
2681	40	4	0.0032946982
2682	59	65	0.060474105
2683	72	116	6.8713725e-06
2684	46	62	0.37777033
2685	37	9	0.0009851941
2686	19	95	0.2126292
2687	11	45	5.3470525e-05
2688	28	110	0.95388937
2689	46	76	0.08833497
2690	37	13	0.0013985536
2691	66	92	0.025699634
2692	74	50	0.01635927
2693	40	42	0.07289405
2694	65	105	0.022826416
2695	50	90	0.056317713
2696	60	66	0.067847475
2697	72	110	0.009853033
2698	71	61	0.01288278
2699	59	13	0.013274337
2700	25	111	0.98238754
2701	20	80	0.5797416
2702	0	72	6.055287e-05
2703	73	87	0.018304951
2704	46	44	0.06363776
2705	73	39	0.014726275
2706	12	78	0.75474566
2707	44	112	0.9512946
2708	24	88	0.80447316
2709	11	37	6.308032e-06
2710	30	104	0.16544168
2711	21	103	0.8568943
2712	21	107	0.8421627
2713	49	7	0.035531126
2714	64	74	0.0137163
2715	39	91	0.802103
2716	32	114	0.96061236
2717	65	75	0.01345554
2718	46	50	0.062448915
2719	69	41	0.01130808
2720	33	25	0.00023909137
2721	41	77	0.1130193
2722	13	87	0.78155094
2723	71	113	0.0014025585
2724	25	11	8.6324746e-07
2725	52	56	0.064165644
2726	65	27	0.007495834
2727	47	97	0.45581225
2728	45	57	0.1654657
2729	62	84	0.02692157
2730	12	96	0.12457243
2731	48	40	0.07519041
2732	14	62	0.04379187
2733	66	54	0.0013725654
2734	17	71	0.56196487
2735	42	34	0.09615198
2736	39	85	0.12668468
2737	44	44	0.06949271
2738	11	93	0.13935862
2739	69	89	0.023792807
2740	45	43	0.077386975
2741	36	100	0.79575413
2742	20	56	0.025940744
2743	41	83	0.11622303
2744	34	52	0.55062777
2745	37	7	0.0009179784
2746	46	116	0.92242736
2747	15	81	0.94995713
2748	45	29	0.031951807
2749	56	64	0.048170704
2750	17	39	0.00019871023
2751	58	16	0.000107795684
2752	54	38	0.038440283
2753	50	20	0.0059256456
2754	68	10	0.010476532
2755	35	1	6.821074e-08
2756	1	69	5.7967758e-05
2757	40	20	0.0005619102
2758	70	92	0.022294812
2759	71	47	0.027803008
2760	45	15	0.028464483
2761	29	39	0.043760285
2762	50	2	0.026235314
2763	57	41	0.041798852
2764	8	92	0.31475356
2765	45	79	0.09218511
2766	31	105	0.17335303
2767	42	32	0.078535944
2768	26	78	0.2233399
2769	58	76	0.024104431
2770	68	42	0.010671775
2771	54	76	0.02174074
2772	33	83	0.022308594
2773	41	75	0.16790311
2774	49	83	0.10250738
2775	55	73	0.07134187
2776	43	111	0.9409265
2777	61	71	0.03579428
2778	30	12	0.00074399664
2779	37	33	0.052140996
2780	47	67	0.48368406
2781	43	51	0.097088374
2782	7	75	0.0027351165
2783	67	75	0.01642824
2784	30	110	0.9647987
2785	54	14	0.00020497093
2786	53	107	0.054183584
2787	48	56	0.07089424
2788	71	103	0.010636753
2789	6	58	2.1962012e-05
2790	3	85	0.009600345
2791	22	18	7.246648e-08
2792	4	84	0.011500162
2793	32	34	0.033655513
2794	70	60	0.028218163
2795	33	105	0.17354456
2796	17	53	0.008077094
2797	70	42	0.0113457795
2798	69	27	0.017152054
2799	37	53	0.5230519
2800	53	109	0.05395477
2801	64	114	0.24887164
2802	44	110	0.7500173
2803	32	108	0.56772715
2804	51	89	0.059898928
2805	15	51	0.0007970307
2806	75	61	0.011782611
2807	42	40	0.068758555
2808	52	78	0.024441753
2809	24	48	0.00011884689
2810	73	15	0.0077631986
2811	16	96	0.1000078
2812	32	88	0.026856218
2813	36	50	0.57625425
2814	55	63	0.045379993
2815	71	63	0.010382375
2816	15	47	0.0014403015
2817	48	64	0.29765108
2818	61	109	0.07189014
2819	39	27	5.0853545e-05
2820	25	49	0.0003620369
2821	69	93	0.025028482
2822	40	72	0.5450148
2823	73	3	0.035161357
2824	30	58	0.82185847
2825	42	80	0.08715582
2826	51	65	0.08740692
2827	63	91	0.028248528
2828	53	59	0.05761977
2829	66	38	0.010962389
2830	53	3	0.032242943
2831	54	36	0.026637629
2832	10	46	1.1569833e-05
2833	63	49	0.019501232
2834	28	88	0.04883989
2835	17	97	0.111979805
2836	0	74	4.1511023e-05
2837	72	50	0.007412509
2838	23	29	0.0008775289
2839	11	103	0.18109865
2840	71	39	0.014702956
2841	21	35	0.00088484783
2842	28	16	0.00096970383
2843	63	37	0.014167071
2844	74	60	0.005987903
2845	38	70	0.60025585
2846	55	25	0.00025185538
2847	9	49	1.51396835e-05
2848	33	101	0.111598365
2849	60	106	0.028739458
2850	27	29	0.00010233888
2851	24	34	0.002111603
2852	29	107	0.4936759
2853	43	49	0.11044583
2854	19	27	6.6231396e-06
2855	71	7	0.02190986
2856	63	19	0.014304325
2857	35	19	0.0014106815
2858	65	25	0.009042971
2859	16	40	0.00016130538
2860	25	71	0.5490098
2861	57	49	0.047681745
2862	62	70	0.03119634
2863	45	97	0.9247202
2864	57	95	0.28460822
2865	34	18	0.0067987684
2866	46	40	0.081349485
2867	54	32	0.03801558
2868	53	95	0.3574485
2869	17	91	0.09199911
2870	20	64	0.114783175
2871	69	77	0.022151813
2872	50	38	0.07101669
2873	61	21	0.015001918
2874	27	83	0.05064458
2875	17	47	0.0036461654
2876	25	93	0.22132432
2877	25	17	5.30236e-06
2878	74	24	0.01023957
2879	62	102	0.032762863
2880	42	108	0.7553059
2881	71	5	0.024884578
2882	17	105	0.46127984
2883	40	0	0.00037659498
2884	1	81	0.00012141226
2885	41	49	0.114445075
2886	68	94	0.02710164
2887	31	27	0.0013194901
2888	72	74	0.007835111
2889	71	91	0.01569254
2890	59	85	0.024015082
2891	40	60	0.45446685
2892	44	14	0.024493495
2893	39	55	0.2952797
2894	59	61	0.030136343
2895	55	83	0.039212186
2896	49	51	0.07133276
2897	11	65	0.023752963
2898	68	36	0.011689483
2899	67	93	0.02653577
2900	33	97	0.1442329
2901	47	65	0.5688754
2902	44	34	0.08141993
2903	59	57	0.017154023
2904	51	69	0.09398389
2905	58	62	0.036172796
2906	40	2	0.00048255714
2907	16	56	0.009905936
2908	60	50	0.026025651
2909	65	29	0.007910378
2910	28	22	0.0012198386
2911	49	29	0.004158232
2912	31	53	0.4237484
2913	46	54	0.07537591
2914	44	66	0.6198342
2915	35	39	0.054604433
2916	35	35	0.06533147
2917	41	51	0.11672502
2918	40	58	0.39181423
2919	56	34	0.03279635
2920	55	59	0.06664822
2921	34	104	0.12305618
2922	73	47	0.02268868
2923	61	113	0.20655042
2924	73	13	0.011037233
2925	68	24	0.0118356915
2926	69	73	0.014599052
2927	63	115	0.30930108
2928	21	83	0.8897195
2929	72	88	0.0124435695
2930	63	103	0.028858915
2931	62	42	0.02795852
2932	21	33	0.0010425638
2933	69	81	0.010871042
2934	40	32	0.095781125
2935	71	85	0.009343493
2936	57	47	0.057645608
2937	64	36	0.0118572535
2938	36	16	0.004775127
2939	72	86	0.0109147215
2940	21	81	0.7003954
2941	59	111	0.09982414
2942	58	46	0.045022033
2943	56	44	0.04696782
2944	60	6	0.022319093
2945	22	102	0.9146016
2946	77	51	0.011554125
2947	35	25	4.941101e-06
2948	66	108	0.0331797
2949	37	87	0.14627144
2950	30	96	0.02520999
2951	47	19	0.007852868
2952	5	79	4.943476e-05
2953	31	81	0.0029365667
2954	36	10	0.00036790472
2955	62	100	0.023855185
2956	10	76	0.19304024
2957	63	73	0.018059775
2958	32	90	0.046687923
2959	38	104	0.25875717
2960	70	14	0.004701285
2961	44	26	0.0070247017
2962	13	53	0.00025889865
2963	73	65	0.009660933
2964	54	96	0.3754362
2965	29	55	0.49395463
2966	49	53	0.067925535
2967	10	72	0.085248336
2968	59	97	0.051260497
2969	69	39	0.011295106
2970	32	20	0.0020247607
2971	22	26	0.00028995343
2972	73	93	0.014618644
2973	66	98	0.016883258
2974	73	7	0.024263829
2975	43	89	0.72036785
2976	33	85	0.025129113
2977	45	109	0.49268994
2978	53	77	0.020203434
2979	34	4	1.2569316e-06
2980	38	68	0.5345708
2981	29	57	0.7384572
2982	51	51	0.081578635
2983	60	48	0.026348533
2984	50	58	0.052984677
2985	42	10	0.028948598
2986	5	87	0.043411054
2987	73	115	6.451797e-05
2988	23	85	0.795353
2989	66	110	0.041028652
2990	55	11	0.012409372
2991	65	13	0.009934069
2992	65	99	0.01657306
2993	36	96	0.81917423
2994	22	54	0.050923616
2995	29	23	0.0009972826
2996	32	100	0.10038973
2997	61	79	0.017481336
2998	29	33	0.011886947
2999	40	86	0.19181101
3000	60	60	0.02459796
3001	35	67	0.56174487
3002	72	62	0.007996394
3003	63	13	0.013223109
3004	21	21	1.3391974e-07
3005	61	43	0.035066124
3006	66	48	0.012277831
3007	39	53	0.21048033
3008	69	25	0.011684521
3009	48	96	0.1968147
3010	40	34	0.11273709
3011	72	36	0.0038199772
3012	23	103	0.8862461
3013	50	116	0.6612161
3014	32	52	0.3213447
3015	3	83	0.0031620509
3016	21	19	1.4435241e-07
3017	12	82	0.85580516
3018	13	57	0.0044392766
3019	68	0	0.030622289
3020	20	44	0.0005731084
3021	21	39	0.0007984088
3022	50	60	0.05181109
3023	18	36	0.00030703912
3024	60	68	0.07158825
3025	20	18	2.242557e-06
3026	64	46	0.027352856
3027	40	102	0.87696546
3028	47	7	0.035067428
3029	76	2	0.029419024
3030	36	20	0.00014742276
3031	72	12	0.014854151
3032	60	28	0.009753971
3033	71	37	0.015275352
3034	30	6	1.2362611e-07
3035	36	98	0.8972653
3036	17	107	0.86060315
3037	8	62	0.00068050565
3038	4	64	1.2141494e-05
3039	9	95	0.5161033
3040	24	100	0.69575727
3041	17	99	0.09294911
3042	54	8	0.03675832
3043	55	79	0.020803882
3044	18	52	0.016753554
3045	61	17	0.012649563
3046	59	53	0.038130734
3047	69	59	0.05074242
3048	14	54	0.0009111198
3049	22	88	0.8153643
3050	23	49	0.002796989
3051	30	24	0.0010831372
3052	42	60	0.4437967
3053	34	12	0.00034967723
3054	64	8	0.010657929
3055	56	16	7.2427274e-06
3056	67	99	0.016615814
3057	29	21	0.0013580556
3058	48	0	0.017644793
3059	6	82	0.0018723311
3060	26	112	0.94217265
3061	58	90	0.08468777
3062	25	61	0.34378827
3063	26	54	0.11363966
3064	30	30	0.0069686775
3065	36	56	0.54130656
3066	32	58	0.8398902
3067	36	58	0.49605355
3068	41	105	0.79102194
3069	66	44	0.017758667
3070	61	7	0.017089851
3071	20	92	0.17308415
3072	30	82	0.0025783326
3073	54	10	0.03164956
3074	57	45	0.050945513
3075	38	96	0.9402705
3076	57	17	7.860095e-06
3077	34	74	0.05308732
3078	49	57	0.06573032
3079	54	86	0.072419
3080	5	57	9.516914e-06
3081	48	32	0.071980566
3082	34	64	0.5520804
3083	67	113	0.04280367
3084	18	58	0.016164357
3085	16	78	0.83964294
3086	24	46	7.262315e-05
3087	24	60	0.18178448
3088	31	65	0.3560167
3089	49	5	0.03916398
3090	70	24	0.013816556
3091	68	78	0.017054843
3092	60	70	0.051293205
3093	53	29	0.0057824412
3094	11	35	5.7393718e-05
3095	58	44	0.04318283
3096	44	16	0.024325294
3097	25	51	0.01420689
3098	42	56	0.2527434
3099	49	31	0.0602663
3100	39	23	7.544434e-06
3101	31	19	0.0021424845
3102	56	108	0.017628971
3103	34	108	0.6961579
3104	58	114	0.1867719
3105	47	103	0.22079813
3106	30	2	7.711536e-07
3107	63	61	0.037543993
3108	74	104	0.016282318
3109	61	95	0.021507604
3110	51	49	0.0689112
3111	55	49	0.053981237
3112	47	79	0.09640329
3113	32	48	0.117732644
3114	28	20	0.0021529868
3115	45	59	0.17480119
3116	30	92	0.07687826
3117	52	28	0.0013215112
3118	75	1	0.033982497
3119	33	49	0.20987831
3120	68	18	0.005574303
3121	23	45	0.00029886945
3122	38	62	0.48341212
3123	13	95	0.110003
3124	72	104	0.008540353
3125	15	93	0.06461421
3126	30	106	0.3064168
3127	48	72	0.1618592
3128	77	7	0.025017593
3129	31	73	0.006546784
3130	61	41	0.026836654
3131	63	105	0.0374978
3132	62	2	0.022248823
3133	22	16	5.469592e-07
3134	7	89	0.16154647
3135	28	72	0.06553338
3136	30	42	0.11306384
3137	26	34	0.0027368146
3138	46	48	0.065046534
3139	58	36	0.02762338
3140	3	75	0.0002124224
3141	22	24	3.8244572e-05
3142	64	62	0.027027063
3143	17	29	1.8480619e-06
3144	74	12	0.009504351
3145	12	70	0.31559595
3146	68	90	0.028258806
3147	70	84	0.009348626
3148	57	29	0.00032466883
3149	77	15	0.016090602
3150	18	84	0.9588531
3151	35	99	0.65522414
3152	54	110	0.03959857
3153	67	91	0.028360594
3154	40	40	0.070864804
3155	67	79	0.0154700745
3156	63	53	0.013379103
3157	65	1	0.021150462
3158	30	36	0.035642836
3159	69	67	0.018404916
3160	72	108	0.011841459
3161	61	53	0.030989885
3162	31	79	0.0029291543
3163	40	70	0.5502129
3164	24	114	0.9119508
3165	52	116	0.52357364
3166	31	57	0.7574316
3167	61	63	0.030133119
3168	64	14	0.011586304
3169	8	76	0.004672464
3170	22	110	0.96174663
3171	75	35	0.0014195882
3172	26	60	0.391148
3173	1	75	2.3053113e-05
3174	31	107	0.42704418
3175	34	56	0.6669125
3176	30	48	0.040599827
3177	27	69	0.5007317
3178	34	34	0.043562546
3179	23	75	0.35284188
3180	29	115	0.5729814
3181	44	80	0.105068386
3182	28	114	0.46528885
3183	65	115	0.2728786
3184	58	18	4.6440506e-05
3185	33	27	0.00026822442
3186	18	86	0.7884801
3187	67	115	0.08232041
3188	33	19	0.0038562056
3189	31	113	0.9740733
3190	70	36	0.017890774
3191	18	64	0.10997654
3192	22	76	0.3049822
3193	25	53	0.06292789
3194	32	32	0.017768461
3195	56	74	0.038236275
3196	34	84	0.04942462
3197	53	99	0.115541
3198	72	0	0.04617382
3199	47	81	0.11401623
3200	50	64	0.120343536
3201	28	98	0.036128353
3202	2	82	0.00047120833
3203	66	96	0.019950446
3204	51	53	0.08145865
3205	52	100	0.14306824
3206	29	89	0.043051712
3207	68	84	0.013964645
3208	56	70	0.08657115
3209	62	46	0.029590428
3210	46	84	0.12480754
3211	41	41	0.07014592
3212	47	21	0.00051107566
3213	40	76	0.17566471
3214	26	32	0.00067715807
3215	30	20	0.0014221342
3216	10	88	0.64313424
3217	12	90	0.3439774
3218	38	30	0.0025150236
3219	49	95	0.12922202
3220	41	1	0.00081315235
3221	15	69	0.6339209
3222	69	69	0.017427137
3223	56	92	0.55379087
3224	30	62	0.7141309
3225	29	45	0.090661794
3226	45	99	0.8943468
3227	58	32	0.013074058
3228	75	53	0.009618955
3229	57	15	5.810252e-05
3230	72	30	0.01950975
3231	37	55	0.4704914
3232	57	37	0.028732024
3233	56	2	0.024961801
3234	8	48	2.5600784e-06
3235	75	3	0.027418248
3236	47	75	0.12587318
3237	50	80	0.06366857
3238	63	111	0.11474909
3239	15	31	8.7585636e-07
3240	75	19	0.013679786
3241	36	2	4.7509678e-07
3242	45	37	0.095225856
3243	66	86	0.029272966
3244	46	6	0.033984605
3245	19	61	0.026698558
3246	74	92	0.034289803
3247	70	6	0.021331577
3248	57	99	0.06855061
3249	31	29	0.0044994494
3250	19	89	0.2314315
3251	65	73	0.014958928
3252	29	63	0.6815461
3253	24	108	0.93485093
3254	68	80	0.013962884
3255	28	74	0.04759885
3256	17	41	0.00011275318
3257	25	87	0.63779956
3258	6	76	0.0004471562
3259	30	28	0.0013583552
3260	33	79	0.013838526
3261	45	23	0.0004406489
3262	32	74	0.007887084
3263	72	4	0.026742423
3264	67	5	0.02089109
3265	49	105	0.08363836
3266	49	13	0.042873763
3267	3	77	0.00013965165
3268	58	96	0.11972112
3269	31	109	0.8496495
3270	59	71	0.045304697
3271	39	15	0.008410878
3272	40	88	0.49625105
3273	10	56	0.0006972921
3274	57	23	0.0004951497
3275	10	90	0.34977877
3276	5	95	0.87295973
3277	27	77	0.10256058
3278	16	106	0.6395327
3279	68	56	0.017085366
3280	12	56	0.0014627693
3281	37	25	6.705883e-07
3282	5	81	0.0002919384
3283	56	38	0.030580815
3284	27	19	0.0016516439
3285	22	40	0.0017393221
3286	53	83	0.05523709
3287	47	77	0.08186072
3288	53	117	0.4726964
3289	43	23	0.004309492
3290	57	105	0.012905091
3291	52	54	0.07352505
3292	10	62	0.007372551
3293	54	46	0.057282478
3294	70	94	0.020231515
3295	52	10	0.03416986
3296	27	11	4.9043285e-07
3297	57	25	0.0001738807
3298	5	93	0.45912948
3299	56	106	0.013091456
3300	27	67	0.51975584
3301	75	29	0.012232232
3302	46	30	0.04828342
3303	23	43	0.0014494432
3304	48	66	0.44911906
3305	29	99	0.06384097
3306	44	98	0.9623699
3307	34	54	0.580675
3308	65	109	0.05366005
3309	18	40	0.00014781195
3310	73	85	0.015982052
3311	22	64	0.3798433
3312	64	94	0.01858131
3313	14	34	1.228848e-06
3314	41	15	0.02131451
3315	71	89	0.013272682
3316	72	118	9.360753e-05
3317	49	87	0.08536275
3318	20	78	0.45512593
3319	61	93	0.029427752
3320	54	80	0.0247279
3321	12	94	0.11871501
3322	45	113	0.93435675
3323	52	112	0.049072158
3324	45	5	0.029245837
3325	20	52	0.032947496
3326	55	115	0.18194436
3327	21	37	0.000831533
3328	47	95	0.17841779
3329	56	84	0.032810837
3330	34	94	0.16950625
3331	54	112	0.05536154
3332	51	83	0.08375945
3333	61	99	0.022545861
3334	41	79	0.084467456
3335	34	6	4.4178698e-05
3336	40	98	0.9615916
3337	40	36	0.09737242
3338	10	44	9.267025e-06
3339	32	80	0.005938904
3340	51	35	0.03956803
3341	75	5	0.024663456
3342	15	45	0.0006525615
3343	21	91	0.30865434
3344	25	29	0.00011397568
3345	45	93	0.5583831
3346	40	108	0.5962359
3347	43	99	0.95053506
3348	32	96	0.066519454
3349	39	71	0.5948294
3350	32	66	0.4177412
3351	60	116	0.11734171
3352	45	107	0.760519
3353	32	68	0.24119994
3354	65	67	0.024359705
3355	21	65	0.21463177
3356	74	20	0.008668628
3357	34	98	0.39764917
3358	50	114	0.20567514
3359	66	4	0.023456983
3360	7	79	0.00013360078
3361	11	73	0.28048602
3362	35	83	0.082781844
3363	66	36	0.010622681
3364	76	6	0.021093898
3365	39	1	5.9745835e-05
3366	66	82	0.016284395
3367	66	50	0.0014657674
3368	47	109	0.28701502
3369	42	4	0.012902977
3370	77	35	0.014121026
3371	16	102	0.088600315
3372	72	6	0.02778887
3373	55	9	0.038657393
3374	38	2	2.0715634e-05
3375	35	101	0.35989782
3376	69	63	0.017963922
3377	66	62	0.020676803
3378	7	97	0.62426555
3379	33	47	0.15646224
3380	44	22	0.00085972314
3381	37	95	0.8466231
3382	46	68	0.4744353
3383	62	16	0.020035347
3384	18	54	0.017839562
3385	39	5	0.0021093977
3386	41	91	0.87809885
3387	7	63	0.00021298236
3388	16	94	0.0776378
3389	42	38	0.07779148
3390	55	65	0.056205872
3391	19	85	0.9175836
3392	58	58	0.024979036
3393	56	8	0.037724346
3394	70	52	0.0008795601
3395	47	57	0.089859866
3396	45	41	0.09176426
3397	30	84	0.0029570223
3398	73	105	0.009400273
3399	48	112	0.17996106
3400	55	43	0.047648728
3401	28	12	1.4596055e-05
3402	69	51	0.0013758786
3403	42	24	0.0036934812
3404	27	107	0.7862171
3405	28	54	0.31814128
3406	16	100	0.07780205
3407	72	92	0.013320233
3408	28	50	0.009464365
3409	30	114	0.9017183
3410	59	103	0.028920911
3411	48	8	0.034077007
3412	64	50	0.005424578
3413	31	41	0.08522088
3414	48	44	0.08484541
3415	38	34	0.10352614
3416	16	34	5.875363e-06
3417	77	49	0.013463974
3418	60	90	0.051300768
3419	69	91	0.02519091
3420	30	60	0.8674179
3421	62	90	0.03494761
3422	14	104	0.23432332
3423	12	100	0.047345005
3424	6	66	0.00014520895
3425	42	22	0.00212966
3426	38	46	0.14157608
3427	42	18	0.0073360624
3428	42	16	0.02156502
3429	24	74	0.42631114
3430	68	20	0.019953247
3431	40	90	0.7986959
3432	35	85	0.07717039
3433	19	67	0.13149959
3434	68	38	0.0108865015
3435	29	81	0.0035022954
3436	43	19	0.0023161725
3437	54	52	0.055584412
3438	43	3	0.010350856
3439	20	76	0.27482468
3440	51	71	0.07033632
3441	21	87	0.76606923
3442	45	75	0.09947415
3443	62	34	0.016307794
3444	57	63	0.04259624
3445	71	67	0.014478064
3446	57	1	0.0278693
3447	55	105	0.021357702
3448	20	70	0.14923348
3449	52	82	0.057249926
3450	45	13	0.022737456
3451	46	46	0.059778057
3452	60	32	0.025638044
3453	50	40	0.08097953
3454	12	102	0.0954809
3455	31	67	0.24566285
3456	27	41	0.026627975
3457	68	76	0.017286796
3458	22	70	0.22986679
3459	12	54	0.00033059838
3460	1	71	2.554251e-05
3461	12	66	0.06297621
3462	43	43	0.07913188
3463	67	101	0.014793606
3464	53	21	0.011015036
3465	42	76	0.10112153
3466	52	90	0.09657903
3467	5	55	6.172883e-06
3468	70	26	0.012847415
3469	77	19	0.025692562
3470	45	95	0.7892926
3471	57	61	0.048318166
3472	66	72	0.021365209
3473	64	70	0.023808697
3474	21	41	0.0006706105
3475	38	66	0.57068104
3476	62	26	0.013162577
3477	62	66	0.03208066
3478	24	102	0.87581277
3479	39	35	0.10302284
3480	14	46	0.0008342906
3481	20	68	0.125301
3482	23	107	0.842252
3483	26	18	0.00013202737
3484	62	80	0.016122717
3485	58	20	0.0001668625
3486	37	73	0.3704568
3487	72	44	0.0141724385
3488	6	68	0.00038552203
3489	29	41	0.072921395
3490	77	47	0.014847689
3491	50	78	0.047775608
3492	22	86	0.8336104
3493	66	56	0.020508258
3494	54	106	0.032028776
3495	44	58	0.219295
3496	39	61	0.50732493
3497	56	12	0.0032113746
3498	28	76	0.034857843
3499	49	11	0.03488228
3500	26	38	0.0050900388
3501	55	47	0.061433055
3502	51	55	0.06763394
3503	7	43	2.5215966e-05
3504	64	100	0.017464047
3505	60	82	0.015978595
3506	42	12	0.02462243
3507	55	1	0.024957793
3508	19	51	0.021001719
3509	23	27	0.00090499636
3510	12	98	0.06573537
3511	46	108	0.44846246
3512	8	46	1.7698962e-06
3513	15	73	0.727117
3514	54	116	0.25899878
3515	18	72	0.36490333
3516	47	89	0.12777413
3517	68	62	0.019044707
3518	13	79	0.8699784
3519	69	85	0.014422034
3520	68	102	0.014193379
3521	72	68	0.010078962
3522	71	25	0.012705685
3523	41	11	0.021639423
3524	48	100	0.24022032
3525	8	68	0.0058623166
3526	7	59	8.073118e-05
3527	52	74	0.047135387
3528	73	37	0.0051849093
3529	75	15	0.012406708
3530	41	7	0.014764889
3531	37	29	0.00010675443
3532	26	16	1.79252e-05
3533	60	8	0.018309379
3534	26	114	0.5920009
3535	50	74	0.073062286
3536	23	55	0.06992086
3537	11	91	0.22127968
3538	24	112	0.98118573
3539	66	0	0.033696096
3540	36	14	0.0015061285
3541	67	7	0.01195164
3542	59	91	0.06802521
3543	38	58	0.41066694
3544	0	84	0.0019979503
3545	70	114	0.0009997431
3546	71	81	0.011247689
3547	62	112	0.14768474
3548	34	86	0.05492845
3549	35	33	0.022194937
3550	29	79	0.0050849365
3551	10	50	8.595105e-05
3552	43	93	0.8960441
3553	21	109	0.94130963
3554	65	101	0.017123058
3555	11	57	0.0013723549
3556	73	51	0.012414803
3557	30	18	0.0024945673
3558	34	30	0.00049441046
3559	75	67	0.0152470535
3560	61	15	0.021910276
3561	11	53	0.00022035703
3562	21	73	0.12768836
3563	68	110	0.027101267
3564	59	63	0.03793049
3565	0	86	0.0038146388
3566	54	0	0.032776903
3567	53	97	0.21191196
3568	36	18	0.0020928711
3569	2	56	0.0002493535
3570	29	87	0.012871755
3571	65	59	0.0451159
3572	65	49	0.0070920414
3573	58	116	0.13656954
3574	42	0	0.0026431987
3575	24	36	0.0024263323
3576	48	2	0.011788126
3577	31	21	0.0013230571
3578	44	86	0.23698218
3579	26	8	1.629703e-06
3580	36	44	0.1060284
3581	70	66	0.015309129
3582	49	61	0.07905596
3583	33	43	0.065737545
3584	24	82	0.63539445
3585	9	77	0.021075087
3586	18	56	0.014931515
3587	63	7	0.013309646
3588	49	115	0.43116203
3589	8	52	2.329264e-05
3590	26	12	2.3675044e-07
3591	31	95	0.042445693
3592	73	49	0.018491054
3593	69	105	0.016639164
3594	24	22	0.00020771746
3595	19	55	0.022885736
3596	10	54	0.00031671094
3597	36	4	2.7212587e-05
3598	24	14	1.2328832e-07
3599	46	26	0.000106617386
3600	6	96	0.9077539
3601	74	26	0.007258671
3602	43	101	0.9554393
3603	13	77	0.7496486
3604	30	44	0.13926594
3605	59	25	0.0024559537
3606	64	90	0.028081061
3607	18	76	0.6637887
3608	4	70	7.7488585e-05
3609	30	68	0.1971127
3610	62	76	0.02139528
3611	17	69	0.46415168
3612	24	52	0.03919501
3613	62	110	0.09844726
3614	26	96	0.02565876
3615	20	36	0.0005685692
3616	41	103	0.92184633
3617	34	28	6.0688773e-05
3618	17	85	0.93681616
3619	24	24	0.0008576444
3620	60	58	0.01431333
3621	33	93	0.084412895
3622	64	116	0.3930063
3623	48	78	0.079477645
3624	34	16	0.006220824
3625	34	78	0.038955368
3626	43	31	0.070241794
3627	44	54	0.12659988
3628	2	68	2.5906833e-05
3629	52	64	0.050852682
3630	61	45	0.032226805
3631	16	86	0.82907516
3632	48	80	0.0934807
3633	50	0	0.028653597
3634	76	22	0.0097185355
3635	46	86	0.131471
3636	20	28	7.8405516e-05
3637	73	1	0.03738519
3638	76	28	0.0132854525
3639	22	98	0.6535235
3640	31	15	0.0034246414
3641	38	94	0.85053074
3642	58	38	0.030320324
3643	62	94	0.02070167
3644	34	26	3.6305533e-05
3645	47	91	0.121300854
3646	22	112	0.9511698
3647	5	53	4.179547e-06
3648	61	73	0.023154328
3649	38	74	0.3814406
3650	26	64	0.63623124
3651	13	33	4.2527035e-06
3652	51	87	0.07010321
3653	52	18	0.0012860775
3654	27	17	0.00037375392
3655	46	8	0.03330202
3656	22	60	0.11926473
3657	41	63	0.80789196
3658	27	35	0.0058176727
3659	38	82	0.105333805
3660	7	45	2.6866794e-06
3661	26	20	0.0009000483
3662	46	70	0.25531504
3663	15	59	0.02903002
3664	35	75	0.10251925
3665	20	48	0.006586963
3666	13	75	0.6699826
3667	38	86	0.13835725
3668	7	77	0.00034122524
3669	38	54	0.35432285
3670	71	27	0.014461675
3671	55	69	0.09829036
3672	67	51	0.00077501795
3673	47	85	0.10846905
3674	55	95	0.62613934
3675	40	16	0.0133109875
3676	72	38	0.01660553
3677	27	7	4.6904935e-07
3678	19	75	0.36927554
3679	23	95	0.40320715
3680	48	46	0.08006034
3681	50	46	0.091995895
3682	1	77	4.2211574e-05
3683	39	111	0.97221464
3684	75	47	0.009607506
3685	13	99	0.06422775
3686	61	107	0.046960123
3687	1	89	0.002875399
3688	46	12	0.022264674
3689	21	101	0.87285185
3690	46	64	0.663317
3691	54	44	0.052844923
3692	45	87	0.22846647
3693	21	49	0.009932554
3694	50	86	0.08529458
3695	35	15	0.0032146212
3696	74	42	0.008713764
3697	52	68	0.087448604
3698	24	44	0.0010268982
3699	25	45	0.00035915154
3700	61	59	0.02097278
3701	57	9	0.034393054
3702	59	47	0.03323123
3703	20	100	0.5895643
3704	7	99	0.13845906
3705	68	6	0.01664742
3706	16	88	0.26124662
3707	18	24	1.6666834e-06
3708	36	72	0.38637814
3709	55	37	0.028557865
3710	61	117	0.14542566
3711	67	63	0.0217631
3712	12	86	0.878455
3713	29	29	0.00085261906
3714	23	105	0.73547137
3715	34	90	0.09310114
3716	69	23	0.011643602
3717	6	84	0.018843101
3718	22	32	0.0015328594
3719	60	46	0.031001752
3720	22	44	0.00063153746
3721	67	55	0.005181278
3722	72	14	0.006513631
3723	62	8	0.013526141
3724	52	84	0.077447355
3725	49	69	0.14051344
3726	33	17	0.0074075256
3727	40	80	0.0838825
3728	28	106	0.55525905
3729	18	34	9.35522e-05
3730	17	61	0.03390649
3731	49	101	0.13851514
3732	2	70	2.3030283e-05
3733	1	85	0.002504129
3734	47	41	0.07486167
3735	40	110	0.9233373
3736	52	32	0.046949275
3737	21	79	0.49845594
3738	23	35	0.0019713505
3739	30	8	2.7143208e-06
3740	24	104	0.84193486
3741	13	103	0.16424493
3742	19	21	1.4462996e-06
3743	60	88	0.0424922
3744	32	50	0.17847185
3745	62	12	0.014075639
3746	34	76	0.036625914
3747	48	10	0.030295003
3748	39	97	0.9600055
3749	47	99	0.4804846
3750	44	32	0.06774491
3751	64	80	0.015371965
3752	24	78	0.5883455
3753	50	34	0.05114452
3754	9	51	5.2655334e-05
3755	41	101	0.9356167
3756	43	41	0.08634574
3757	46	104	0.68618715
3758	55	87	0.07524759
3759	44	38	0.08762714
3760	44	116	0.985846
3761	7	91	0.25999665
3762	27	115	0.2535045
3763	29	47	0.015738685
3764	70	34	0.012918059
3765	24	90	0.7353083
3766	48	34	0.063255295
3767	27	33	0.002671809
3768	70	68	0.015729623
3769	43	57	0.23770124
3770	21	59	0.0538374
3771	41	35	0.10495055
3772	44	114	0.9901078
3773	54	24	0.002228485
3774	36	34	0.061818454
3775	62	18	0.01953074
3776	62	78	0.018815128
3777	11	97	0.09323517
3778	69	21	0.018924877
3779	68	104	0.015477665
3780	69	101	0.013589044
3781	76	42	0.009426168
3782	53	45	0.063928604
3783	2	66	3.7249745e-05
3784	25	19	5.138573e-05
3785	51	41	0.085781254
3786	14	96	0.10306716
3787	69	83	0.009828436
3788	67	107	0.02611197
3789	22	72	0.18461296
3790	19	57	0.017607095
3791	33	57	0.780986
3792	22	20	4.3877384e-07
3793	8	78	0.0012529094
3794	50	24	2.1555217e-05
3795	41	29	0.02512404
3796	51	105	0.071300894
3797	56	86	0.047322515
3798	8	44	2.0385212e-06
3799	48	52	0.062124554
3800	10	60	0.0035146219
3801	17	55	0.010021146
3802	16	82	0.9652273
3803	65	113	0.12565054
3804	23	37	0.0019793126
3805	68	64	0.024884198
3806	28	70	0.22972654
3807	51	109	0.09046756
3808	30	76	0.004933807
3809	48	48	0.070317924
3810	53	23	0.0059368326
3811	46	32	0.07310919
3812	27	81	0.044866856
3813	35	55	0.6244434
3814	51	1	0.026041009
3815	12	74	0.47237197
3816	53	5	0.032781098
3817	22	58	0.06990599
3818	75	41	0.008560192
3819	56	90	0.23178759
3820	43	13	0.025713546
3821	69	111	0.022198988
3822	60	74	0.024527976
3823	60	2	0.026037334
3824	76	12	0.009061796
3825	18	60	0.020618726
3826	50	28	0.00048425372
3827	63	95	0.016823439
3828	56	60	0.05680127
3829	51	59	0.04653279
3830	22	42	0.0013015772
3831	24	64	0.56569755
3832	76	30	0.014340911
3833	31	77	0.0031853572
3834	58	42	0.03951397
3835	45	27	0.003178541
3836	73	41	0.010347213
3837	7	51	5.260119e-06
