gene	mutant prop	AUROC	AUPRC	Recall	Precision	ROC_Recall	ROC_Precision	saved_cutoff	roc_cutoff
AMER1	0.05689900426742532	0.8340485095977783	0.6518910527229309	0.8532110091743119	0.3883089770354906	0.8532110091743119	0.40700218818380746	0.1879073977470398	0.19637246429920197
BIRC6	0.13086770981507823	0.497279554605484	0.1990382969379425	1.0	0.212890625	0.8532110091743119	0.23846153846153847	0.2668975293636322	0.5577350854873657
CNTNAP2	0.12091038406827881	0.6862066984176636	0.4570665955543518	0.8577981651376146	0.2391304347826087	0.6238532110091743	0.3460559796437659	0.20690643787384033	0.3650871217250824
CREBBP	0.12091038406827881	0.8564777970314026	0.6173924207687378	0.9678899082568807	0.29760225669957685	0.7844036697247706	0.49709302325581395	0.5286577939987183	0.5522034168243408
CTNNA2	0.08463726884779517	0.43383342027664185	0.17457471787929535	0.2018348623853211	0.13134328358208955	0.926605504587156	0.21956521739130436	0.2281021922826767	0.10330384969711304
CTNND2	0.08534850640113797	0.7668859958648682	0.4539605975151062	1.0	0.212890625	0.5779816513761468	0.4846153846153846	0.30994436144828796	0.77650386095047
EP300	0.11877667140825035	0.42501193284988403	0.1765667200088501	1.0	0.212890625	0.9724770642201835	0.21788283658787255	0.18747854232788086	0.5052275061607361
ERBB3	0.06116642958748222	0.8349021673202515	0.6344020366668701	0.0	0.0	0.7201834862385321	0.47720364741641336	0.12481530755758286	9.716385102365166e-05
ERBB4	0.07539118065433854	0.8766646981239319	0.7592804431915283	0.12385321100917432	1.0	0.7385321100917431	0.575	0.09692127257585526	0.002124535385519266
FAM47C	0.06614509246088193	0.6813662648200989	0.2986918091773987	1.0	0.212890625	0.7568807339449541	0.3313253012048193	0.2295328825712204	0.530963659286499
MALAT1	0.001422475106685633	0.18067476153373718	0.12988415360450745	1.0	0.212890625	1.0	0.21691542288557214	0.17864547669887543	0.585482656955719
MTOR	0.07894736842105263	0.786583423614502	0.5288306474685669	0.7339449541284404	0.39408866995073893	0.6238532110091743	0.5093632958801498	0.12201918661594391	0.3396455645561218
MUC4	0.06685633001422475	0.8125640153884888	0.6145705580711365	0.009174311926605505	1.0	0.7018348623853211	0.4722222222222222	0.3870511054992676	0.2986021339893341
NF1	0.11877667140825035	0.6493529081344604	0.3292044699192047	1.0	0.21975806451612903	0.7477064220183486	0.27627118644067794	0.24978221952915192	0.5653924345970154
SMAD4	0.05263157894736842	0.8423236608505249	0.672103226184845	0.0	0.0	0.7981651376146789	0.45910290237467016	0.5675181150436401	0.38609495759010315
STAG2	0.05405405405405406	0.7108213901519775	0.36044254899024963	0.463302752293578	0.42083333333333334	0.6467889908256881	0.36246786632390743	0.14947271347045898	0.06826845556497574
TNC	0.0903271692745377	0.6990119814872742	0.340657114982605	0.05045871559633028	0.3142857142857143	0.8256880733944955	0.30716723549488056	0.0864250510931015	0.000853530247695744
ACVR2A	0.04694167852062589	0.9456826448440552	0.836079478263855	0.0	0.0	0.9174311926605505	0.5988023952095808	0.38400739431381226	2.8708402169286273e-05
AKAP9	0.12019914651493599	0.7746431827545166	0.5246920585632324	0.6605504587155964	0.4011142061281337	0.7110091743119266	0.39641943734015345	0.05761197581887245	0.0466628335416317
APC	0.1337126600284495	0.9373164772987366	0.8468018770217896	0.43577981651376146	0.9134615384615384	0.8853211009174312	0.6205787781350482	0.3142969012260437	0.10400334000587463
ARID1A	0.12802275960170698	0.9297528266906738	0.8324134945869446	0.0	0.0	0.8119266055045872	0.7195121951219512	0.32953670620918274	0.00032396448659710586
ATM	0.112375533428165	0.7346677780151367	0.46233677864074707	0.22935779816513763	0.49019607843137253	0.7293577981651376	0.3456521739130435	0.23496827483177185	0.056178659200668335
ATRX	0.07467994310099574	0.5487513542175293	0.21888291835784912	0.0	0.0	0.963302752293578	0.24165707710011508	0.47985169291496277	3.967844895669259e-05
BRAF	0.10597439544807966	0.36529356241226196	0.15805445611476898	0.0	0.0	0.9724770642201835	0.2152284263959391	0.5682820677757263	2.1983060705110802e-08
CASP8	0.04054054054054054	0.9275445938110352	0.8130963444709778	0.9311926605504587	0.4624145785876993	0.8394495412844036	0.6310344827586207	0.08479625731706619	0.3129044771194458
CDH10	0.08321479374110953	0.734423041343689	0.39779990911483765	0.9954128440366973	0.24885321100917432	0.7981651376146789	0.3314285714285714	0.2260419875383377	0.5227251052856445
CDKN2A	0.1287339971550498	0.8106346726417542	0.6030863523483276	0.0	0.0	0.6651376146788991	0.5052264808362369	0.2610510587692261	0.0004987877910025418
CIC	0.11806543385490754	0.6853927969932556	0.3729779124259949	0.0	0.0	0.40825688073394495	0.4517766497461929	0.30555304884910583	0.000614302116446197
CSMD3	0.2283072546230441	0.6833382844924927	0.44007137417793274	0.0	0.0	0.5458715596330275	0.3901639344262295	0.2138272523880005	0.004615128040313721
CTNNB1	0.044096728307254626	0.9592562913894653	0.9078899621963501	0.48623853211009177	1.0	0.8944954128440367	0.6866197183098591	0.2725659906864166	0.015374246053397655
DCC	0.0953058321479374	0.6195676922798157	0.2797272801399231	0.5504587155963303	0.2823529411764706	0.6880733944954128	0.28517110266159695	0.19373881816864014	0.12681949138641357
EGFR	0.07965860597439545	0.7592482566833496	0.4729761779308319	0.07339449541284404	0.7619047619047619	0.8256880733944955	0.3389830508474576	0.2529691457748413	0.012869731523096561
FAM135B	0.10170697012802275	0.7385548949241638	0.40548259019851685	0.013761467889908258	0.6	0.7752293577981652	0.36899563318777295	0.1450241357088089	0.0054051997140049934
FAT1	0.16571834992887624	0.6878002285957336	0.3858492374420166	0.0	0.0	0.5229357798165137	0.3630573248407643	0.238150492310524	0.010408403351902962
FAT3	0.22261735419630158	0.6952443718910217	0.31682878732681274	1.0	0.212890625	0.7844036697247706	0.3220338983050847	0.33523306250572205	0.5146378874778748
FAT4	0.17780938833570412	0.8519418239593506	0.6757840514183044	0.06880733944954129	1.0	0.7385321100917431	0.5244299674267101	0.27357998490333557	0.005815455690026283
FBXW7	0.0689900426742532	0.8774614930152893	0.5755782723426819	1.0	0.23929747530186607	0.7752293577981652	0.6014234875444839	0.3219926953315735	0.990134060382843
KEAP1	0.060455192034139404	0.9909680485725403	0.9704744219779968	0.9954128440366973	0.592896174863388	0.9587155963302753	0.8530612244897959	0.1699949949979782	0.7045772075653076
KMT2A	0.08392603129445235	0.8154324293136597	0.5646893978118896	0.3302752293577982	0.72	0.7293577981651376	0.47181008902077154	0.2370324283838272	0.042275819927453995
KMT2C	0.1770981507823613	0.5554698705673218	0.22873228788375854	1.0	0.212890625	0.7568807339449541	0.24553571428571427	0.31372788548469543	0.5509660243988037
KMT2D	0.2069701280227596	0.7707959413528442	0.40818190574645996	0.9954128440366973	0.2633495145631068	0.7889908256880734	0.3739130434782609	0.3339608311653137	0.5300174355506897
KRAS	0.15576102418207682	0.9761307835578918	0.9415796995162964	0.0	0.0	0.9036697247706422	0.7975708502024291	0.35520559549331665	0.00025402047322131693
LRP1B	0.2496443812233286	0.6595402956008911	0.33181679248809814	1.0	0.212890625	0.6651376146788991	0.30982905982905984	0.30785074830055237	0.52757728099823
MUC16	0.5753911806543386	0.7504894733428955	0.4615406394004822	1.0	0.212890625	0.7201834862385321	0.3738095238095238	0.27204567193984985	0.547496497631073
NBEA	0.10312944523470839	0.8317264914512634	0.6786977052688599	0.3761467889908257	0.82	0.6238532110091743	0.5964912280701754	0.23256008327007294	0.10536248981952667
NFE2L2	0.03769559032716927	0.6257256269454956	0.26384347677230835	0.0	0.0	0.6788990825688074	0.29838709677419356	0.2582933306694031	8.887458875506127e-07
NOTCH1	0.16073968705547653	0.6376374959945679	0.3047538101673126	0.06422018348623854	0.3684210526315789	0.7110091743119266	0.28703703703703703	0.2506188154220581	0.0180449727922678
NSD1	0.07539118065433854	0.8981378078460693	0.733329713344574	0.22477064220183487	0.9074074074074074	0.8944954128440367	0.5284552845528455	0.4331059455871582	0.02267393097281456
PDE4DIP	0.033428165007112376	0.43083125352859497	0.1733209490776062	1.0	0.212890625	0.9678899082568807	0.23707865168539327	0.09243433177471161	0.5614911317825317
PIK3CA	0.1073968705547653	0.8886390924453735	0.7070392370223999	0.0	0.0	0.7844036697247706	0.5856164383561644	0.24742218852043152	3.3100118912443577e-07
PTEN	0.11593172119487909	0.9423589110374451	0.8150350451469421	1.0	0.2564705882352941	0.9311926605504587	0.6096096096096096	0.4843692481517792	0.8774904608726501
PTPRD	0.09246088193456614	0.5484610795974731	0.2198648750782013	0.9357798165137615	0.23261117445838084	0.7660550458715596	0.2511278195488722	0.3404320478439331	0.6661136746406555
PTPRT	0.0953058321479374	0.8018302917480469	0.5198161005973816	1.0	0.212890625	0.7385321100917431	0.4214659685863874	0.12414155155420303	0.9998862743377686
RB1	0.09174964438122332	0.8486181497573853	0.7734510898590088	0.6376146788990825	0.776536312849162	0.7247706422018348	0.7149321266968326	0.0930098369717598	0.05370873957872391
RNF213	0.15007112375533427	0.6032679080963135	0.2510734796524048	1.0	0.212890625	0.7935779816513762	0.26738794435857804	0.06764969974756241	0.9994518160820007
RNF43	0.05903271692745377	0.850928783416748	0.6579899787902832	0.0	0.0	0.7155963302752294	0.5492957746478874	0.29682549834251404	2.9270111554069445e-05
ROBO2	0.09246088193456614	0.6284915804862976	0.2705356478691101	0.12385321100917432	0.2621359223300971	0.9357798165137615	0.26666666666666666	0.279310405254364	0.008952665142714977
SETD2	0.08250355618776671	0.6367552876472473	0.2967293858528137	0.9862385321100917	0.2225672877846791	0.7110091743119266	0.29865125240847784	0.2777813673019409	0.6163718700408936
SPOP	0.020625889046941678	0.3118298649787903	0.14701806008815765	0.0	0.0	0.9357798165137615	0.2163308589607635	0.3475572466850281	0.0002021890104515478
TP53	0.6187766714082503	0.9921175241470337	0.9748126268386841	0.5779816513761468	1.0	0.9724770642201835	0.8346456692913385	0.23374581336975098	0.02172466367483139
TRRAP	0.11522048364153627	0.8002822399139404	0.6020001173019409	0.1743119266055046	0.8636363636363636	0.6926605504587156	0.42178770949720673	0.23697441816329956	0.013395797461271286
ZFHX3	0.13513513513513514	0.7493966817855835	0.41454094648361206	0.9495412844036697	0.2871012482662968	0.8211009174311926	0.350293542074364	0.2549148201942444	0.5646587014198303
