key	auc	f1	accuracy
0	0.9705837102029028	0.9521298228523438	0.9820591715976331
1000	0.9708009662885294	0.9518682969718724	0.9819171597633136
2000	0.9703429240307935	0.9511302068773071	0.9816804733727811
3000	0.969720407262501	0.9519334155205209	0.9820118343195267
4000	0.970671869511704	0.9511263215023508	0.9817278106508877
5000	0.9711333879248547	0.9487787206536439	0.9808284023668639
6000	0.9693727984283076	0.9493623719935631	0.9810177514792899
7000	0.9698355831606035	0.9490284625737718	0.9808757396449705
8000	0.9737492532566039	0.948937618875366	0.9805917159763314
9000	0.9723444680395144	0.94703129436386	0.9798343195266274
10000	0.9722693002066803	0.9489402692502493	0.9805917159763314
11000	0.9743646470735439	0.9412263994101501	0.9773254437869822
11010	0.976066157970093	0.9398568634948605	0.9765680473372781
11020	0.9719833841236227	0.9325083498392456	0.9744852071005917
11030	0.974601016951287	0.9428972030527716	0.9781301775147929
11040	0.9737538135274086	0.9431050020488781	0.9779881656804733
11050	0.9744336954861929	0.937136312822755	0.9753372781065088
11060	0.9712133976369011	0.9294080288404161	0.9724970414201184
11070	0.972342299516528	0.9353157538488421	0.9746272189349113
11080	0.9691621464896546	0.9324434363347589	0.9742011834319527
11090	0.9667290661353384	0.9457686966942817	0.9796923076923075
11100	0.9721399995387274	0.9441715897471594	0.9785562130177514
11110	0.9732591371541425	0.946359115996031	0.9796923076923078
11120	0.9730627187011404	0.9400308510732505	0.9766153846153847
11130	0.9739921034199968	0.9405214646489473	0.9769940828402367
11140	0.9737445473257813	0.9294006802405029	0.9720236686390532
11150	0.9703548790682829	0.9372646931229799	0.976094674556213
11160	0.9735257811380587	0.9356669666123214	0.9746272189349112
11170	0.9737556056426072	0.9395386106445756	0.9771360946745562
11180	0.9723804093127395	0.9419864639762474	0.9774201183431952
11190	0.97475207148365	0.943379294371445	0.9783195266272189
11200	0.9724872659550657	0.942502961404944	0.9776568047337278
11210	0.973814950650851	0.9336101800586342	0.9741538461538461
11220	0.9717629692466625	0.9463193512068677	0.9798816568047337
11230	0.9749544179538555	0.9307874286492716	0.9726863905325445
11240	0.9719419876299984	0.9417457294059955	0.9777514792899409
11250	0.9730612199146609	0.9444691072598446	0.978792899408284
11260	0.9746247980658389	0.9401130907347947	0.9766153846153844
11270	0.9733432839662441	0.9356740968623567	0.9748165680473374
11280	0.9736995824226511	0.9322572899780666	0.9728757396449705
11290	0.9733521867403304	0.9357450046484681	0.9747692307692308
11300	0.9754789788156607	0.9401217157695271	0.9767100591715977
11310	0.9761303461440143	0.9347435522492242	0.9741065088757397
11320	0.9727273887448515	0.9374074062486517	0.9758579881656806
11330	0.9724447915022838	0.9406056160863482	0.9771360946745563
11340	0.9716973149157146	0.9345488748520298	0.9748165680473374
11350	0.9727489791717382	0.9329868576309618	0.973491124260355
11360	0.9750749748086613	0.9325143492723778	0.9738698224852073
11370	0.9722370008309458	0.9242288117823982	0.9701301775147929
11380	0.9725864546500531	0.9316359968417413	0.973491124260355
11390	0.9719152821143918	0.9327930486997854	0.9733491124260356
11400	0.9720089651731938	0.9186058606799182	0.9670532544378698
11410	0.9745303993034792	0.93570051027415	0.9745325443786982
11420	0.9734115039540615	0.9398969961284556	0.9769467455621303
11430	0.9732466043068815	0.9214686581397681	0.9688520710059173
11440	0.9705577433228025	0.9402803934994282	0.9774674556213018
11450	0.9735440708932886	0.9173486164131324	0.9677633136094675
11460	0.9689701343531265	0.9375470682278543	0.9765207100591716
11470	0.973269925767562	0.9247379784532365	0.9705562130177515
11480	0.9732345142801482	0.9262085312363875	0.9716923076923077
11490	0.9727306232835936	0.9378454863218147	0.9761893491124262
11500	0.9726923183045191	0.9262269513564767	0.9705562130177514
11510	0.9754370134394866	0.9326653614253567	0.973585798816568
11520	0.9739835315747362	0.9346981978104351	0.9750532544378698
11530	0.9734527807644892	0.9331442820549505	0.9737278106508876
11540	0.9737658569548465	0.9351868618894713	0.9746272189349113
11550	0.9737802463528886	0.9272366936203135	0.9709349112426036
11560	0.9723103347924693	0.9274030239941979	0.9715976331360947
11570	0.9719077763584195	0.9336040430510067	0.973585798816568
11580	0.9731686897974352	0.9385142066395188	0.976189349112426
11590	0.9739111525420618	0.9240491060152791	0.9697514792899409
11600	0.9739347256330586	0.928009556869368	0.971266272189349
11610	0.9729871152665576	0.915711033363307	0.9667218934911241
11620	0.9730864379738853	0.9328224576713546	0.9733491124260354
11630	0.9714441306868672	0.9301873339880714	0.9733491124260356
11640	0.9748854628001482	0.9299852751672016	0.9727337278106509
11650	0.9749764597389836	0.9366649328533667	0.9751952662721894
11660	0.9677773521781674	0.9339347419027092	0.9740118343195266
11670	0.9717902444461783	0.9296112421149424	0.9718343195266271
11680	0.9744019447212059	0.9328486789859906	0.9729230769230769
11690	0.9732285345552952	0.9231716824575049	0.9685207100591716
11700	0.9730387835929493	0.9311754066675431	0.973396449704142
11710	0.9714956220852331	0.927745187030632	0.9722603550295859
11720	0.9739001785479694	0.9213503170755161	0.9682840236686392
11730	0.9717519736000995	0.9318247720918489	0.9738224852071007
11740	0.968387549770451	0.9301225501576692	0.9724497041420118
11750	0.9687464001671204	0.925483422017838	0.9702721893491125
11760	0.9726292674533589	0.9242930572763282	0.9705562130177514
11770	0.9740694751732596	0.9246832961117896	0.9701775147928995
11780	0.9736355882947798	0.9302988115017399	0.9725917159763314
11790	0.9734000204548632	0.9225010985049755	0.9689940828402367
11800	0.9735772340930197	0.9361357170352065	0.9751005917159763
11810	0.9690702841752165	0.9103334707413925	0.9629349112426036
11820	0.9683216182000425	0.9135801109611628	0.9648757396449703
11830	0.9683532302934935	0.8961274721093343	0.9582958579881657
11840	0.9718504120650332	0.9354594108014738	0.9748165680473374
11850	0.973004224603715	0.9146816612466594	0.9651597633136093
11860	0.9689150406530593	0.9245863585602759	0.9712189349112427
11870	0.9695117309735457	0.912263527604613	0.9659171597633135
11880	0.9735315762844798	0.9298399567725439	0.9723076923076924
11890	0.9739818409063634	0.9282868875378115	0.9714556213017751
11900	0.9732775549022025	0.9322183825463901	0.9742011834319527
11910	0.9685125061437345	0.9280591951310994	0.9716449704142013
11920	0.9655759973992468	0.8852682457853535	0.9515266272189349
11930	0.9736660065282751	0.925302326071049	0.9707455621301774
11940	0.9680825492829996	0.9074443560710505	0.9606627218934912
11950	0.9689497246475561	0.9073899258514739	0.9634082840236686
11960	0.9676382883953029	0.9106464450189747	0.963076923076923
11970	0.9586320510837221	0.8834050716843065	0.9489230769230769
11980	0.9644383116996341	0.8934141223961749	0.9543195266272189
11990	0.9657426834456821	0.8990693647418508	0.9581065088757397
12000	0.9685459512597877	0.9083680004520831	0.9614674556213018
12010	0.9672429489964793	0.9089593669125579	0.9631242603550294
12020	0.9631669668259949	0.8955389398595225	0.9554556213017751
12030	0.959439073865914	0.8626009206050183	0.9424378698224853
12040	0.9629591635701218	0.8775814264660486	0.9469349112426035
12050	0.9731852610645257	0.9176749132370456	0.9664852071005916
12060	0.9565269637505389	0.8639071242627303	0.9386982248520711
12070	0.9637378095497897	0.8827431279561676	0.952
12080	0.9705939756189252	0.9219988976057782	0.9688520710059173
12090	0.9644108534820146	0.8798006801396013	0.9501538461538461
12100	0.9685055741104656	0.8975021974999464	0.9581538461538461
12110	0.9685038595827977	0.9038712056619774	0.9619881656804734
12120	0.956352472048913	0.8624189656511769	0.9395029585798816
12130	0.9548021955139564	0.8643592964226847	0.9370414201183432
12140	0.9576638363081924	0.8680983577530104	0.9450414201183431
12150	0.9610050670495356	0.8699763263781369	0.9439053254437869
12160	0.9588608291941778	0.8618678956147207	0.9407337278106509
12170	0.9651322539292944	0.8806685304493473	0.949775147928994
12180	0.9514560864600172	0.8615408173387005	0.9315029585798816
12190	0.9691345437325257	0.8994448682066464	0.9582958579881657
12200	0.9631751105544628	0.8777345380410345	0.947076923076923
12210	0.9483108976950131	0.8355000828672884	0.9246863905325444
12220	0.9686878506053791	0.8950338919615352	0.9575384615384616
12230	0.96222964768991	0.8754845381980763	0.9484023668639054
12240	0.9656725787299267	0.8874802692113363	0.9510059171597632
12250	0.9636456412056299	0.8747955495330398	0.946603550295858
12260	0.9565337504694991	0.8674393422922366	0.9421065088757397
12270	0.9417374633410699	0.8245025014641127	0.9175384615384615
12280	0.9609486916829209	0.8930990801404632	0.9541301775147929
12290	0.9592587712760217	0.8662912228740816	0.9424378698224853
12300	0.9599014211282879	0.8816983070514747	0.94996449704142
12310	0.9286069260861316	0.7980213002864718	0.8933964497041419
12320	0.9630008668489441	0.8868164796845479	0.9529467455621301
12330	0.9552710228067754	0.8408922221292396	0.9306035502958581
12340	0.9354695037556355	0.7908518685503054	0.8995502958579881
12350	0.9465742063304017	0.8298970024815457	0.9213727810650887
12360	0.9032831769714263	0.7293047185999014	0.8484733727810649
12370	0.9280780229472537	0.7652452248341282	0.8859644970414202
12380	0.9314511668709781	0.7760575990880819	0.8920710059171599
12390	0.9395353695489066	0.8046005019640067	0.909585798816568
12400	0.9427919156297804	0.8224666535431677	0.915360946745562
12410	0.9230501809588558	0.7634815900753192	0.879621301775148
12420	0.9262727886897182	0.7667263714076084	0.885112426035503
12430	0.9495563048966279	0.8436528643934516	0.9296094674556213
12440	0.8664160393593082	0.659705317284746	0.7862248520710059
12450	0.9310118815725735	0.782149308022179	0.8936331360946745
12460	0.9411873873835468	0.7995565202937464	0.9076923076923077
12470	0.8531440169974932	0.6491982791894891	0.7649230769230769
12480	0.9012602511556663	0.7245136651743349	0.8454911242603551
12490	0.9119628983919768	0.7288203826633135	0.8581301775147928
12500	0.8913045430112281	0.7025994745393854	0.8286863905325446
12510	0.9127208131668286	0.7361694549519037	0.8616804733727811
12520	0.8808450290942135	0.6926372461836603	0.8097514792899408
12530	0.8413113959157602	0.6184662768539124	0.7486863905325444
12540	0.8595155643009468	0.6297824856471469	0.7728757396449704
12550	0.8837584553558026	0.6716390438620119	0.8140591715976331
12560	0.8681426146783788	0.643713824485212	0.7858934911242603
12570	0.8265471384778269	0.5853513044616705	0.7183431952662722
12580	0.7807022755731168	0.5138848366963382	0.6432189349112425
12590	0.8144957141435942	0.5556937760673789	0.6997396449704141
12600	0.7773947000613622	0.5143248875822365	0.640378698224852
12610	0.8626183915394551	0.6453913925374389	0.7808284023668639
12620	0.7592085087803849	0.4967414592955346	0.6116449704142012
12630	0.8063334093675805	0.554273965093604	0.6882840236686391
12640	0.7169156501600953	0.49874490169638397	0.5480710059171597
12650	0.7178255130416391	0.45843283458255063	0.5446627218934912
12660	0.737056853939597	0.49511333457592477	0.576189349112426
12670	0.6735180382426887	0.421514927008818	0.4679289940828403
12680	0.7919206886698789	0.5399515262309189	0.663621301775148
12690	0.6195164322005688	0.37804954292186804	0.3825798816568048
12700	0.704290733697343	0.47209046469653326	0.5178224852071006
12710	0.6499739459921596	0.4018890131515448	0.43218934911242607
12720	0.5884154999579613	0.3597629920425566	0.3326863905325444
12730	0.6408547947846527	0.39820548787705107	0.4176094674556213
12740	0.6383401093904069	0.39467405338323036	0.4119763313609468
12750	0.5789455000949791	0.3590046465912849	0.3167337278106509
12760	0.5396736720335513	0.3343038980951777	0.253491124260355
12770	0.575639706339601	0.36127731773394717	0.3108639053254438
12780	0.5634312292782541	0.3520919453972353	0.29140828402366864
12790	0.5435625364228971	0.33704377306798317	0.25827218934911245
12800	0.5423185843889131	0.33624225840158817	0.25912426035502956
12810	0.5088008612837912	0.3195232529929585	0.20231952662721894
12820	0.5065280976294144	0.3186166693154179	0.19862721893491123
12830	0.5145834828169573	0.3222640503144581	0.21150295857988163
12840	0.5009539487700262	0.3161594161058725	0.1894437869822485
12850	0.5028045556682204	0.3168211628166228	0.19271005917159764
12860	0.5001775684493557	0.3158081074193101	0.18821301775147928
12870	0.5108110825057228	0.3207300740955218	0.2053491124260355
12880	0.5000886262924669	0.315768414918456	0.18807100591715975
12890	0.5	0.3157290998585648	0.18792899408284022
12900	0.5	0.3157290998585648	0.18792899408284022
12910	0.5	0.3157290998585648	0.18792899408284022
12920	0.5001782001782001	0.3158088940459814	0.1882130177514793
12930	0.5	0.3157290998585648	0.18792899408284022
12940	0.5001108954810091	0.3157712926604677	0.18811834319526627
12950	0.5	0.3157290998585648	0.18792899408284022
12960	0.5237048843366778	0.32845948636071676	0.2265562130177515
12970	0.5	0.3157290998585648	0.18792899408284022
12980	0.5	0.3157290998585648	0.18792899408284022
12990	0.5	0.3157290998585648	0.18792899408284022
13000	0.5	0.3157290998585648	0.18792899408284022
13010	0.5	0.3157290998585648	0.18792899408284022
